date,wave,HR,province,cases
2020-03-06,1,Calgary Zone,Alberta,1
2020-03-09,1,Calgary Zone,Alberta,3
2020-03-09,1,Edmonton Zone,Alberta,3
2020-03-10,1,Calgary Zone,Alberta,6
2020-03-10,1,Edmonton Zone,Alberta,3
2020-03-11,1,Calgary Zone,Alberta,5
2020-03-11,1,Central Zone,Alberta,1
2020-03-11,1,Edmonton Zone,Alberta,1
2020-03-12,1,Calgary Zone,Alberta,2
2020-03-12,1,North Zone,Alberta,1
2020-03-13,1,Calgary Zone,Alberta,7
2020-03-13,1,Edmonton Zone,Alberta,1
2020-03-14,1,Calgary Zone,Alberta,13
2020-03-14,1,Edmonton Zone,Alberta,9
2020-03-15,1,Calgary Zone,Alberta,10
2020-03-15,1,Edmonton Zone,Alberta,1
2020-03-16,1,Calgary Zone,Alberta,16
2020-03-16,1,Central Zone,Alberta,1
2020-03-16,1,Edmonton Zone,Alberta,5
2020-03-16,1,North Zone,Alberta,1
2020-03-16,1,South Zone,Alberta,1
2020-03-17,1,Calgary Zone,Alberta,3
2020-03-17,1,Central Zone,Alberta,1
2020-03-17,1,Edmonton Zone,Alberta,6
2020-03-17,1,North Zone,Alberta,1
2020-03-18,1,Calgary Zone,Alberta,23
2020-03-18,1,Edmonton Zone,Alberta,3
2020-03-18,1,North Zone,Alberta,1
2020-03-18,1,South Zone,Alberta,2
2020-03-19,1,Calgary Zone,Alberta,15
2020-03-19,1,Edmonton Zone,Alberta,8
2020-03-19,1,North Zone,Alberta,8
2020-03-19,1,South Zone,Alberta,1
2020-03-20,1,Calgary Zone,Alberta,30
2020-03-20,1,Central Zone,Alberta,1
2020-03-20,1,Edmonton Zone,Alberta,13
2020-03-20,1,North Zone,Alberta,1
2020-03-20,1,South Zone,Alberta,2
2020-03-21,1,Calgary Zone,Alberta,26
2020-03-21,1,Central Zone,Alberta,2
2020-03-21,1,Edmonton Zone,Alberta,4
2020-03-21,1,North Zone,Alberta,2
2020-03-21,1,South Zone,Alberta,1
2020-03-22,1,Calgary Zone,Alberta,33
2020-03-22,1,Central Zone,Alberta,5
2020-03-22,1,Edmonton Zone,Alberta,5
2020-03-22,1,North Zone,Alberta,3
2020-03-22,1,South Zone,Alberta,1
2020-03-23,1,Calgary Zone,Alberta,27
2020-03-23,1,Central Zone,Alberta,12
2020-03-23,1,Edmonton Zone,Alberta,14
2020-03-24,1,Calgary Zone,Alberta,38
2020-03-24,1,Central Zone,Alberta,11
2020-03-24,1,Edmonton Zone,Alberta,15
2020-03-24,1,North Zone,Alberta,2
2020-03-24,1,South Zone,Alberta,2
2020-03-25,1,Calgary Zone,Alberta,46
2020-03-25,1,Central Zone,Alberta,1
2020-03-25,1,Edmonton Zone,Alberta,12
2020-03-25,1,North Zone,Alberta,3
2020-03-25,1,South Zone,Alberta,1
2020-03-26,1,Calgary Zone,Alberta,45
2020-03-26,1,Central Zone,Alberta,1
2020-03-26,1,Edmonton Zone,Alberta,4
2020-03-26,1,North Zone,Alberta,3
2020-03-27,1,Calgary Zone,Alberta,43
2020-03-27,1,Central Zone,Alberta,6
2020-03-27,1,Edmonton Zone,Alberta,21
2020-03-27,1,North Zone,Alberta,13
2020-03-27,1,South Zone,Alberta,2
2020-03-28,1,Calgary Zone,Alberta,33
2020-03-28,1,Central Zone,Alberta,1
2020-03-28,1,Edmonton Zone,Alberta,16
2020-03-28,1,North Zone,Alberta,4
2020-03-29,1,Calgary Zone,Alberta,23
2020-03-29,1,Central Zone,Alberta,1
2020-03-29,1,Edmonton Zone,Alberta,10
2020-03-30,1,Calgary Zone,Alberta,20
2020-03-30,1,Central Zone,Alberta,1
2020-03-30,1,Edmonton Zone,Alberta,16
2020-03-30,1,North Zone,Alberta,3
2020-03-31,1,Calgary Zone,Alberta,84
2020-03-31,1,Central Zone,Alberta,4
2020-03-31,1,Edmonton Zone,Alberta,36
2020-03-31,1,North Zone,Alberta,9
2020-04-01,1,Calgary Zone,Alberta,62
2020-04-01,1,Central Zone,Alberta,2
2020-04-01,1,Edmonton Zone,Alberta,43
2020-04-01,1,South Zone,Alberta,1
2020-04-02,1,Calgary Zone,Alberta,82
2020-04-02,1,Central Zone,Alberta,4
2020-04-02,1,Edmonton Zone,Alberta,29
2020-04-02,1,North Zone,Alberta,5
2020-04-02,1,South Zone,Alberta,3
2020-04-03,1,Calgary Zone,Alberta,47
2020-04-03,1,Central Zone,Alberta,1
2020-04-03,1,Edmonton Zone,Alberta,18
2020-04-03,1,North Zone,Alberta,3
2020-04-03,1,South Zone,Alberta,2
2020-04-04,1,Calgary Zone,Alberta,33
2020-04-04,1,Central Zone,Alberta,1
2020-04-04,1,Edmonton Zone,Alberta,14
2020-04-04,1,North Zone,Alberta,11
2020-04-04,1,South Zone,Alberta,1
2020-04-05,1,Calgary Zone,Alberta,15
2020-04-05,1,Central Zone,Alberta,4
2020-04-05,1,Edmonton Zone,Alberta,18
2020-04-05,1,North Zone,Alberta,3
2020-04-05,1,South Zone,Alberta,2
2020-04-06,1,Calgary Zone,Alberta,17
2020-04-06,1,Edmonton Zone,Alberta,10
2020-04-06,1,North Zone,Alberta,6
2020-04-06,1,South Zone,Alberta,1
2020-04-07,1,Calgary Zone,Alberta,25
2020-04-07,1,Central Zone,Alberta,6
2020-04-07,1,Edmonton Zone,Alberta,13
2020-04-07,1,North Zone,Alberta,7
2020-04-07,1,South Zone,Alberta,2
2020-04-08,1,Calgary Zone,Alberta,19
2020-04-08,1,Edmonton Zone,Alberta,11
2020-04-08,1,North Zone,Alberta,2
2020-04-08,1,South Zone,Alberta,1
2020-04-09,1,Calgary Zone,Alberta,38
2020-04-09,1,Edmonton Zone,Alberta,7
2020-04-10,1,Calgary Zone,Alberta,45
2020-04-10,1,Edmonton Zone,Alberta,2
2020-04-10,1,North Zone,Alberta,2
2020-04-11,1,Calgary Zone,Alberta,51
2020-04-11,1,Edmonton Zone,Alberta,6
2020-04-11,1,North Zone,Alberta,5
2020-04-11,1,South Zone,Alberta,3
2020-04-12,1,Calgary Zone,Alberta,59
2020-04-12,1,Central Zone,Alberta,2
2020-04-12,1,Edmonton Zone,Alberta,4
2020-04-12,1,North Zone,Alberta,2
2020-04-12,1,South Zone,Alberta,1
2020-04-13,1,Calgary Zone,Alberta,64
2020-04-13,1,Edmonton Zone,Alberta,2
2020-04-13,1,North Zone,Alberta,2
2020-04-14,1,Calgary Zone,Alberta,111
2020-04-14,1,Edmonton Zone,Alberta,5
2020-04-14,1,North Zone,Alberta,8
2020-04-14,1,South Zone,Alberta,3
2020-04-15,1,Calgary Zone,Alberta,102
2020-04-15,1,Edmonton Zone,Alberta,10
2020-04-15,1,North Zone,Alberta,9
2020-04-15,1,South Zone,Alberta,12
2020-04-16,1,Calgary Zone,Alberta,131
2020-04-16,1,Edmonton Zone,Alberta,5
2020-04-16,1,South Zone,Alberta,10
2020-04-17,1,Calgary Zone,Alberta,181
2020-04-17,1,Central Zone,Alberta,1
2020-04-17,1,Edmonton Zone,Alberta,4
2020-04-17,1,North Zone,Alberta,5
2020-04-17,1,South Zone,Alberta,22
2020-04-18,1,Calgary Zone,Alberta,142
2020-04-18,1,Edmonton Zone,Alberta,3
2020-04-18,1,North Zone,Alberta,1
2020-04-18,1,South Zone,Alberta,41
2020-04-19,1,Calgary Zone,Alberta,154
2020-04-19,1,Central Zone,Alberta,1
2020-04-19,1,Edmonton Zone,Alberta,6
2020-04-19,1,North Zone,Alberta,5
2020-04-19,1,South Zone,Alberta,35
2020-04-20,1,Calgary Zone,Alberta,113
2020-04-20,1,Edmonton Zone,Alberta,12
2020-04-20,1,North Zone,Alberta,8
2020-04-20,1,South Zone,Alberta,50
2020-04-21,1,Calgary Zone,Alberta,163
2020-04-21,1,Central Zone,Alberta,2
2020-04-21,1,Edmonton Zone,Alberta,4
2020-04-21,1,North Zone,Alberta,5
2020-04-21,1,South Zone,Alberta,90
2020-04-22,1,Calgary Zone,Alberta,232
2020-04-22,1,Edmonton Zone,Alberta,4
2020-04-22,1,North Zone,Alberta,5
2020-04-22,1,South Zone,Alberta,53
2020-04-23,1,Calgary Zone,Alberta,234
2020-04-23,1,Central Zone,Alberta,2
2020-04-23,1,Edmonton Zone,Alberta,8
2020-04-23,1,North Zone,Alberta,10
2020-04-23,1,South Zone,Alberta,86
2020-04-24,1,Calgary Zone,Alberta,154
2020-04-24,1,Edmonton Zone,Alberta,12
2020-04-24,1,North Zone,Alberta,10
2020-04-24,1,South Zone,Alberta,56
2020-04-25,1,Calgary Zone,Alberta,134
2020-04-25,1,Edmonton Zone,Alberta,8
2020-04-25,1,North Zone,Alberta,7
2020-04-25,1,South Zone,Alberta,73
2020-04-26,1,Calgary Zone,Alberta,125
2020-04-26,1,Central Zone,Alberta,2
2020-04-26,1,Edmonton Zone,Alberta,4
2020-04-26,1,North Zone,Alberta,15
2020-04-26,1,South Zone,Alberta,57
2020-04-27,1,Calgary Zone,Alberta,113
2020-04-27,1,Edmonton Zone,Alberta,2
2020-04-27,1,North Zone,Alberta,7
2020-04-27,1,South Zone,Alberta,56
2020-04-28,1,Calgary Zone,Alberta,136
2020-04-28,1,Edmonton Zone,Alberta,3
2020-04-28,1,North Zone,Alberta,4
2020-04-28,1,South Zone,Alberta,106
2020-04-29,1,Calgary Zone,Alberta,106
2020-04-29,1,Edmonton Zone,Alberta,2
2020-04-29,1,North Zone,Alberta,4
2020-04-29,1,South Zone,Alberta,119
2020-04-30,1,Calgary Zone,Alberta,86
2020-04-30,1,Edmonton Zone,Alberta,5
2020-04-30,1,North Zone,Alberta,5
2020-04-30,1,South Zone,Alberta,126
2020-05-01,1,Calgary Zone,Alberta,106
2020-05-01,1,Central Zone,Alberta,1
2020-05-01,1,Edmonton Zone,Alberta,1
2020-05-01,1,North Zone,Alberta,2
2020-05-01,1,South Zone,Alberta,31
2020-05-02,1,Calgary Zone,Alberta,92
2020-05-02,1,Edmonton Zone,Alberta,1
2020-05-02,1,North Zone,Alberta,1
2020-05-02,1,South Zone,Alberta,18
2020-05-03,1,Calgary Zone,Alberta,56
2020-05-03,1,Edmonton Zone,Alberta,2
2020-05-03,1,North Zone,Alberta,4
2020-05-03,1,South Zone,Alberta,8
2020-05-04,1,Calgary Zone,Alberta,66
2020-05-04,1,Edmonton Zone,Alberta,1
2020-05-04,1,South Zone,Alberta,12
2020-05-05,1,Calgary Zone,Alberta,47
2020-05-05,1,Central Zone,Alberta,2
2020-05-05,1,Edmonton Zone,Alberta,3
2020-05-05,1,North Zone,Alberta,2
2020-05-05,1,South Zone,Alberta,8
2020-05-06,1,Calgary Zone,Alberta,55
2020-05-06,1,Central Zone,Alberta,1
2020-05-06,1,North Zone,Alberta,2
2020-05-06,1,South Zone,Alberta,7
2020-05-07,1,Calgary Zone,Alberta,67
2020-05-07,1,Central Zone,Alberta,4
2020-05-07,1,Edmonton Zone,Alberta,2
2020-05-07,1,South Zone,Alberta,14
2020-05-08,1,Calgary Zone,Alberta,66
2020-05-08,1,North Zone,Alberta,2
2020-05-08,1,South Zone,Alberta,9
2020-05-09,1,Calgary Zone,Alberta,70
2020-05-09,1,Edmonton Zone,Alberta,2
2020-05-09,1,North Zone,Alberta,1
2020-05-09,1,South Zone,Alberta,12
2020-05-10,1,Calgary Zone,Alberta,61
2020-05-10,1,Edmonton Zone,Alberta,4
2020-05-10,1,South Zone,Alberta,6
2020-05-11,1,Calgary Zone,Alberta,44
2020-05-11,1,South Zone,Alberta,3
2020-05-12,1,Calgary Zone,Alberta,64
2020-05-12,1,Edmonton Zone,Alberta,2
2020-05-12,1,South Zone,Alberta,4
2020-05-13,1,Calgary Zone,Alberta,47
2020-05-13,1,Edmonton Zone,Alberta,2
2020-05-13,1,South Zone,Alberta,13
2020-05-14,1,Calgary Zone,Alberta,44
2020-05-14,1,Central Zone,Alberta,3
2020-05-14,1,North Zone,Alberta,2
2020-05-14,1,South Zone,Alberta,12
2020-05-15,1,Calgary Zone,Alberta,58
2020-05-15,1,Edmonton Zone,Alberta,1
2020-05-15,1,South Zone,Alberta,14
2020-05-16,1,Calgary Zone,Alberta,45
2020-05-16,1,Edmonton Zone,Alberta,1
2020-05-16,1,South Zone,Alberta,8
2020-05-17,1,Calgary Zone,Alberta,41
2020-05-17,1,North Zone,Alberta,1
2020-05-17,1,South Zone,Alberta,4
2020-05-18,1,Calgary Zone,Alberta,34
2020-05-18,1,South Zone,Alberta,4
2020-05-19,1,Calgary Zone,Alberta,38
2020-05-19,1,Edmonton Zone,Alberta,1
2020-05-19,1,North Zone,Alberta,1
2020-05-19,1,South Zone,Alberta,3
2020-05-20,1,Calgary Zone,Alberta,21
2020-05-20,1,Edmonton Zone,Alberta,2
2020-05-20,1,South Zone,Alberta,4
2020-05-21,1,Calgary Zone,Alberta,24
2020-05-21,1,North Zone,Alberta,2
2020-05-21,1,South Zone,Alberta,4
2020-05-22,1,Calgary Zone,Alberta,21
2020-05-22,1,North Zone,Alberta,1
2020-05-22,1,South Zone,Alberta,5
2020-05-23,1,Calgary Zone,Alberta,29
2020-05-23,1,North Zone,Alberta,1
2020-05-23,1,South Zone,Alberta,2
2020-05-24,1,Calgary Zone,Alberta,22
2020-05-24,1,Edmonton Zone,Alberta,1
2020-05-24,1,South Zone,Alberta,6
2020-05-25,1,Calgary Zone,Alberta,13
2020-05-26,1,Calgary Zone,Alberta,15
2020-05-26,1,Edmonton Zone,Alberta,2
2020-05-26,1,North Zone,Alberta,1
2020-05-26,1,South Zone,Alberta,1
2020-05-27,1,Calgary Zone,Alberta,23
2020-05-27,1,Edmonton Zone,Alberta,3
2020-05-27,1,North Zone,Alberta,1
2020-05-28,1,Calgary Zone,Alberta,23
2020-05-28,1,Edmonton Zone,Alberta,1
2020-05-28,1,North Zone,Alberta,4
2020-05-29,1,Calgary Zone,Alberta,20
2020-05-29,1,Edmonton Zone,Alberta,10
2020-05-30,1,Calgary Zone,Alberta,12
2020-05-30,1,Edmonton Zone,Alberta,5
2020-05-30,1,North Zone,Alberta,3
2020-05-31,1,Calgary Zone,Alberta,21
2020-05-31,1,Edmonton Zone,Alberta,9
2020-05-31,1,South Zone,Alberta,4
2020-06-01,1,Calgary Zone,Alberta,18
2020-06-01,1,Edmonton Zone,Alberta,3
2020-06-02,1,Calgary Zone,Alberta,7
2020-06-02,1,Edmonton Zone,Alberta,5
2020-06-02,1,North Zone,Alberta,5
2020-06-02,1,South Zone,Alberta,2
2020-06-03,1,Calgary Zone,Alberta,14
2020-06-03,1,Edmonton Zone,Alberta,2
2020-06-03,1,South Zone,Alberta,2
2020-06-04,1,Calgary Zone,Alberta,11
2020-06-04,1,Edmonton Zone,Alberta,7
2020-06-04,1,South Zone,Alberta,1
2020-06-05,1,Calgary Zone,Alberta,12
2020-06-05,1,Edmonton Zone,Alberta,22
2020-06-05,1,North Zone,Alberta,1
2020-06-05,1,South Zone,Alberta,2
2020-06-06,1,Calgary Zone,Alberta,11
2020-06-06,1,Edmonton Zone,Alberta,12
2020-06-07,1,Calgary Zone,Alberta,8
2020-06-07,1,Edmonton Zone,Alberta,16
2020-06-07,1,North Zone,Alberta,1
2020-06-07,1,South Zone,Alberta,8
2020-06-08,1,Calgary Zone,Alberta,11
2020-06-08,1,Edmonton Zone,Alberta,11
2020-06-08,1,North Zone,Alberta,1
2020-06-08,1,South Zone,Alberta,1
2020-06-09,1,Calgary Zone,Alberta,21
2020-06-09,1,Edmonton Zone,Alberta,16
2020-06-09,1,North Zone,Alberta,1
2020-06-10,1,Calgary Zone,Alberta,24
2020-06-10,1,Edmonton Zone,Alberta,23
2020-06-10,1,South Zone,Alberta,1
2020-06-11,1,Calgary Zone,Alberta,21
2020-06-11,1,Edmonton Zone,Alberta,19
2020-06-11,1,North Zone,Alberta,2
2020-06-11,1,South Zone,Alberta,1
2020-06-12,1,Calgary Zone,Alberta,9
2020-06-12,1,Edmonton Zone,Alberta,13
2020-06-12,1,North Zone,Alberta,3
2020-06-12,1,South Zone,Alberta,2
2020-06-13,1,Calgary Zone,Alberta,23
2020-06-13,1,Central Zone,Alberta,1
2020-06-13,1,Edmonton Zone,Alberta,8
2020-06-13,1,South Zone,Alberta,3
2020-06-14,1,Calgary Zone,Alberta,19
2020-06-14,1,Edmonton Zone,Alberta,20
2020-06-14,1,North Zone,Alberta,12
2020-06-14,1,South Zone,Alberta,2
2020-06-15,1,Calgary Zone,Alberta,11
2020-06-15,1,Edmonton Zone,Alberta,21
2020-06-15,1,North Zone,Alberta,4
2020-06-16,1,Calgary Zone,Alberta,21
2020-06-16,1,Edmonton Zone,Alberta,13
2020-06-16,1,North Zone,Alberta,4
2020-06-16,1,South Zone,Alberta,7
2020-06-17,1,Calgary Zone,Alberta,16
2020-06-17,1,Edmonton Zone,Alberta,21
2020-06-17,1,North Zone,Alberta,7
2020-06-17,1,South Zone,Alberta,2
2020-06-18,1,Calgary Zone,Alberta,19
2020-06-18,1,Central Zone,Alberta,1
2020-06-18,1,Edmonton Zone,Alberta,26
2020-06-19,1,Calgary Zone,Alberta,17
2020-06-19,1,Edmonton Zone,Alberta,29
2020-06-19,1,South Zone,Alberta,1
2020-06-20,1,Calgary Zone,Alberta,5
2020-06-20,1,Edmonton Zone,Alberta,22
2020-06-20,1,North Zone,Alberta,3
2020-06-21,1,Calgary Zone,Alberta,23
2020-06-21,1,Edmonton Zone,Alberta,10
2020-06-22,1,Calgary Zone,Alberta,12
2020-06-22,1,Edmonton Zone,Alberta,26
2020-06-22,1,North Zone,Alberta,2
2020-06-22,1,South Zone,Alberta,1
2020-06-23,1,Calgary Zone,Alberta,11
2020-06-23,1,Edmonton Zone,Alberta,27
2020-06-23,1,North Zone,Alberta,5
2020-06-23,1,South Zone,Alberta,2
2020-06-24,1,Calgary Zone,Alberta,8
2020-06-24,1,Central Zone,Alberta,1
2020-06-24,1,Edmonton Zone,Alberta,10
2020-06-24,1,North Zone,Alberta,4
2020-06-24,1,South Zone,Alberta,2
2020-06-25,1,Calgary Zone,Alberta,12
2020-06-25,1,Edmonton Zone,Alberta,22
2020-06-25,1,South Zone,Alberta,2
2020-06-26,1,Calgary Zone,Alberta,34
2020-06-26,1,Edmonton Zone,Alberta,14
2020-06-26,1,North Zone,Alberta,10
2020-06-26,1,South Zone,Alberta,8
2020-06-27,1,Calgary Zone,Alberta,11
2020-06-27,1,Central Zone,Alberta,1
2020-06-27,1,Edmonton Zone,Alberta,23
2020-06-27,1,North Zone,Alberta,2
2020-06-28,1,Calgary Zone,Alberta,31
2020-06-28,1,Edmonton Zone,Alberta,33
2020-06-28,1,South Zone,Alberta,4
2020-06-29,1,Calgary Zone,Alberta,22
2020-06-29,1,Central Zone,Alberta,1
2020-06-29,1,Edmonton Zone,Alberta,13
2020-06-29,1,North Zone,Alberta,4
2020-06-29,1,South Zone,Alberta,4
2020-06-30,1,Calgary Zone,Alberta,14
2020-06-30,1,Edmonton Zone,Alberta,14
2020-06-30,1,North Zone,Alberta,4
2020-06-30,1,South Zone,Alberta,1
2020-07-01,1,Calgary Zone,Alberta,17
2020-07-01,1,Edmonton Zone,Alberta,23
2020-07-01,1,North Zone,Alberta,1
2020-07-01,1,South Zone,Alberta,23
2020-07-02,1,Calgary Zone,Alberta,3
2020-07-02,1,Edmonton Zone,Alberta,20
2020-07-02,1,North Zone,Alberta,7
2020-07-02,1,South Zone,Alberta,25
2020-07-03,1,Calgary Zone,Alberta,14
2020-07-03,1,Edmonton Zone,Alberta,5
2020-07-03,1,North Zone,Alberta,4
2020-07-03,1,South Zone,Alberta,7
2020-07-04,1,Calgary Zone,Alberta,20
2020-07-04,1,Central Zone,Alberta,1
2020-07-04,1,Edmonton Zone,Alberta,17
2020-07-04,1,North Zone,Alberta,4
2020-07-04,1,South Zone,Alberta,6
2020-07-05,1,Calgary Zone,Alberta,17
2020-07-05,1,Edmonton Zone,Alberta,19
2020-07-05,1,North Zone,Alberta,10
2020-07-05,1,South Zone,Alberta,2
2020-07-06,1,Calgary Zone,Alberta,14
2020-07-06,1,Central Zone,Alberta,1
2020-07-06,1,Edmonton Zone,Alberta,27
2020-07-06,1,North Zone,Alberta,5
2020-07-06,1,South Zone,Alberta,2
2020-07-07,1,Calgary Zone,Alberta,15
2020-07-07,1,Central Zone,Alberta,3
2020-07-07,1,Edmonton Zone,Alberta,17
2020-07-07,1,North Zone,Alberta,4
2020-07-07,1,South Zone,Alberta,5
2020-07-08,1,Calgary Zone,Alberta,19
2020-07-08,1,Central Zone,Alberta,4
2020-07-08,1,Edmonton Zone,Alberta,8
2020-07-08,1,North Zone,Alberta,6
2020-07-08,1,South Zone,Alberta,6
2020-07-09,1,Calgary Zone,Alberta,34
2020-07-09,1,Central Zone,Alberta,3
2020-07-09,1,Edmonton Zone,Alberta,21
2020-07-09,1,North Zone,Alberta,4
2020-07-09,1,South Zone,Alberta,12
2020-07-10,1,Calgary Zone,Alberta,16
2020-07-10,1,Central Zone,Alberta,6
2020-07-10,1,Edmonton Zone,Alberta,19
2020-07-10,1,North Zone,Alberta,9
2020-07-10,1,South Zone,Alberta,12
2020-07-11,1,Calgary Zone,Alberta,44
2020-07-11,1,Central Zone,Alberta,8
2020-07-11,1,Edmonton Zone,Alberta,23
2020-07-11,1,North Zone,Alberta,6
2020-07-11,1,South Zone,Alberta,9
2020-07-12,1,Calgary Zone,Alberta,43
2020-07-12,1,Central Zone,Alberta,9
2020-07-12,1,Edmonton Zone,Alberta,12
2020-07-12,1,North Zone,Alberta,8
2020-07-12,1,South Zone,Alberta,6
2020-07-13,1,Calgary Zone,Alberta,38
2020-07-13,1,Central Zone,Alberta,14
2020-07-13,1,Edmonton Zone,Alberta,20
2020-07-13,1,North Zone,Alberta,9
2020-07-13,1,South Zone,Alberta,6
2020-07-14,1,Calgary Zone,Alberta,30
2020-07-14,1,Central Zone,Alberta,12
2020-07-14,1,Edmonton Zone,Alberta,15
2020-07-14,1,North Zone,Alberta,8
2020-07-14,1,South Zone,Alberta,20
2020-07-15,1,Calgary Zone,Alberta,59
2020-07-15,1,Central Zone,Alberta,16
2020-07-15,1,Edmonton Zone,Alberta,22
2020-07-15,1,North Zone,Alberta,4
2020-07-15,1,South Zone,Alberta,14
2020-07-16,1,Calgary Zone,Alberta,37
2020-07-16,1,Central Zone,Alberta,18
2020-07-16,1,Edmonton Zone,Alberta,25
2020-07-16,1,North Zone,Alberta,9
2020-07-16,1,South Zone,Alberta,14
2020-07-17,1,Calgary Zone,Alberta,102
2020-07-17,1,Central Zone,Alberta,23
2020-07-17,1,Edmonton Zone,Alberta,18
2020-07-17,1,North Zone,Alberta,15
2020-07-17,1,South Zone,Alberta,10
2020-07-18,1,Calgary Zone,Alberta,62
2020-07-18,1,Central Zone,Alberta,11
2020-07-18,1,Edmonton Zone,Alberta,17
2020-07-18,1,North Zone,Alberta,5
2020-07-18,1,South Zone,Alberta,7
2020-07-19,1,Calgary Zone,Alberta,52
2020-07-19,1,Central Zone,Alberta,6
2020-07-19,1,Edmonton Zone,Alberta,16
2020-07-19,1,North Zone,Alberta,6
2020-07-19,1,South Zone,Alberta,8
2020-07-20,1,Calgary Zone,Alberta,52
2020-07-20,1,Central Zone,Alberta,14
2020-07-20,1,Edmonton Zone,Alberta,27
2020-07-20,1,North Zone,Alberta,16
2020-07-20,1,South Zone,Alberta,22
2020-07-21,1,Calgary Zone,Alberta,79
2020-07-21,1,Central Zone,Alberta,16
2020-07-21,1,Edmonton Zone,Alberta,23
2020-07-21,1,North Zone,Alberta,6
2020-07-21,1,South Zone,Alberta,12
2020-07-22,1,Calgary Zone,Alberta,60
2020-07-22,1,Central Zone,Alberta,16
2020-07-22,1,Edmonton Zone,Alberta,11
2020-07-22,1,North Zone,Alberta,12
2020-07-22,1,South Zone,Alberta,14
2020-07-23,1,Calgary Zone,Alberta,56
2020-07-23,1,Central Zone,Alberta,17
2020-07-23,1,Edmonton Zone,Alberta,24
2020-07-23,1,North Zone,Alberta,4
2020-07-23,1,South Zone,Alberta,15
2020-07-24,1,Calgary Zone,Alberta,51
2020-07-24,1,Central Zone,Alberta,14
2020-07-24,1,Edmonton Zone,Alberta,27
2020-07-24,1,North Zone,Alberta,11
2020-07-24,1,South Zone,Alberta,14
2020-07-25,1,Calgary Zone,Alberta,50
2020-07-25,1,Central Zone,Alberta,7
2020-07-25,1,Edmonton Zone,Alberta,19
2020-07-25,1,North Zone,Alberta,10
2020-07-25,1,South Zone,Alberta,11
2020-07-26,1,Calgary Zone,Alberta,36
2020-07-26,1,Central Zone,Alberta,3
2020-07-26,1,Edmonton Zone,Alberta,34
2020-07-26,1,North Zone,Alberta,11
2020-07-26,1,South Zone,Alberta,5
2020-07-27,1,Calgary Zone,Alberta,31
2020-07-27,1,Central Zone,Alberta,10
2020-07-27,1,Edmonton Zone,Alberta,17
2020-07-27,1,North Zone,Alberta,6
2020-07-27,1,South Zone,Alberta,17
2020-07-28,1,Calgary Zone,Alberta,43
2020-07-28,1,Central Zone,Alberta,30
2020-07-28,1,Edmonton Zone,Alberta,28
2020-07-28,1,North Zone,Alberta,17
2020-07-28,1,South Zone,Alberta,13
2020-07-29,1,Calgary Zone,Alberta,23
2020-07-29,1,Central Zone,Alberta,41
2020-07-29,1,Edmonton Zone,Alberta,24
2020-07-29,1,North Zone,Alberta,16
2020-07-29,1,South Zone,Alberta,14
2020-07-30,1,Calgary Zone,Alberta,26
2020-07-30,1,Central Zone,Alberta,67
2020-07-30,1,Edmonton Zone,Alberta,17
2020-07-30,1,North Zone,Alberta,6
2020-07-30,1,South Zone,Alberta,8
2020-07-31,1,Calgary Zone,Alberta,44
2020-07-31,1,Central Zone,Alberta,8
2020-07-31,1,Edmonton Zone,Alberta,36
2020-07-31,1,North Zone,Alberta,5
2020-07-31,1,South Zone,Alberta,6
2020-08-01,1,Calgary Zone,Alberta,25
2020-08-01,1,Central Zone,Alberta,4
2020-08-01,1,Edmonton Zone,Alberta,21
2020-08-01,1,North Zone,Alberta,8
2020-08-01,1,South Zone,Alberta,9
2020-08-02,1,Calgary Zone,Alberta,21
2020-08-02,1,Central Zone,Alberta,2
2020-08-02,1,Edmonton Zone,Alberta,23
2020-08-02,1,North Zone,Alberta,21
2020-08-02,1,South Zone,Alberta,5
2020-08-03,1,Calgary Zone,Alberta,16
2020-08-03,1,Central Zone,Alberta,6
2020-08-03,1,Edmonton Zone,Alberta,26
2020-08-03,1,North Zone,Alberta,11
2020-08-03,1,South Zone,Alberta,5
2020-08-04,1,Calgary Zone,Alberta,30
2020-08-04,1,Central Zone,Alberta,1
2020-08-04,1,Edmonton Zone,Alberta,48
2020-08-04,1,North Zone,Alberta,12
2020-08-04,1,South Zone,Alberta,3
2020-08-05,1,Calgary Zone,Alberta,16
2020-08-05,1,Central Zone,Alberta,5
2020-08-05,1,Edmonton Zone,Alberta,36
2020-08-05,1,North Zone,Alberta,1
2020-08-05,1,South Zone,Alberta,3
2020-08-06,1,Calgary Zone,Alberta,32
2020-08-06,1,Central Zone,Alberta,41
2020-08-06,1,Edmonton Zone,Alberta,36
2020-08-06,1,North Zone,Alberta,13
2020-08-06,1,South Zone,Alberta,6
2020-08-07,1,Calgary Zone,Alberta,35
2020-08-07,1,Central Zone,Alberta,9
2020-08-07,1,Edmonton Zone,Alberta,51
2020-08-07,1,North Zone,Alberta,12
2020-08-07,1,South Zone,Alberta,4
2020-08-08,1,Calgary Zone,Alberta,36
2020-08-08,1,Central Zone,Alberta,2
2020-08-08,1,Edmonton Zone,Alberta,41
2020-08-08,1,North Zone,Alberta,13
2020-08-08,1,South Zone,Alberta,5
2020-08-09,1,Calgary Zone,Alberta,14
2020-08-09,1,Central Zone,Alberta,1
2020-08-09,1,Edmonton Zone,Alberta,25
2020-08-09,1,North Zone,Alberta,4
2020-08-09,1,South Zone,Alberta,1
2020-08-10,1,Calgary Zone,Alberta,11
2020-08-10,1,Central Zone,Alberta,3
2020-08-10,1,Edmonton Zone,Alberta,51
2020-08-10,1,North Zone,Alberta,13
2020-08-10,1,South Zone,Alberta,8
2020-08-11,1,Calgary Zone,Alberta,14
2020-08-11,1,Edmonton Zone,Alberta,89
2020-08-11,1,North Zone,Alberta,10
2020-08-11,1,South Zone,Alberta,3
2020-08-12,1,Calgary Zone,Alberta,31
2020-08-12,1,Edmonton Zone,Alberta,29
2020-08-12,1,North Zone,Alberta,9
2020-08-12,1,South Zone,Alberta,3
2020-08-13,1,Calgary Zone,Alberta,19
2020-08-13,1,Central Zone,Alberta,1
2020-08-13,1,Edmonton Zone,Alberta,52
2020-08-13,1,North Zone,Alberta,9
2020-08-14,1,Calgary Zone,Alberta,21
2020-08-14,1,Central Zone,Alberta,6
2020-08-14,1,Edmonton Zone,Alberta,64
2020-08-14,1,North Zone,Alberta,13
2020-08-15,1,Calgary Zone,Alberta,23
2020-08-15,1,Central Zone,Alberta,1
2020-08-15,1,Edmonton Zone,Alberta,54
2020-08-15,1,North Zone,Alberta,3
2020-08-15,1,South Zone,Alberta,2
2020-08-16,1,Calgary Zone,Alberta,20
2020-08-16,1,Central Zone,Alberta,6
2020-08-16,1,Edmonton Zone,Alberta,61
2020-08-16,1,North Zone,Alberta,5
2020-08-16,1,South Zone,Alberta,3
2020-08-17,1,Calgary Zone,Alberta,13
2020-08-17,1,Central Zone,Alberta,3
2020-08-17,1,Edmonton Zone,Alberta,55
2020-08-17,1,North Zone,Alberta,11
2020-08-17,1,South Zone,Alberta,3
2020-08-18,1,Calgary Zone,Alberta,20
2020-08-18,1,Central Zone,Alberta,2
2020-08-18,1,Edmonton Zone,Alberta,51
2020-08-18,1,North Zone,Alberta,8
2020-08-19,1,Calgary Zone,Alberta,34
2020-08-19,1,Central Zone,Alberta,2
2020-08-19,1,Edmonton Zone,Alberta,49
2020-08-19,1,North Zone,Alberta,13
2020-08-19,1,South Zone,Alberta,3
2020-08-20,1,Calgary Zone,Alberta,35
2020-08-20,1,Central Zone,Alberta,1
2020-08-20,1,Edmonton Zone,Alberta,89
2020-08-20,1,North Zone,Alberta,15
2020-08-21,1,Calgary Zone,Alberta,47
2020-08-21,1,Central Zone,Alberta,2
2020-08-21,1,Edmonton Zone,Alberta,25
2020-08-21,1,North Zone,Alberta,13
2020-08-21,1,South Zone,Alberta,1
2020-08-22,1,Calgary Zone,Alberta,41
2020-08-22,1,Edmonton Zone,Alberta,45
2020-08-22,1,North Zone,Alberta,17
2020-08-23,1,Calgary Zone,Alberta,28
2020-08-23,1,Edmonton Zone,Alberta,30
2020-08-23,1,North Zone,Alberta,11
2020-08-23,1,South Zone,Alberta,1
2020-08-24,1,Calgary Zone,Alberta,17
2020-08-24,1,Central Zone,Alberta,2
2020-08-24,1,Edmonton Zone,Alberta,37
2020-08-24,1,North Zone,Alberta,15
2020-08-24,1,South Zone,Alberta,2
2020-08-25,1,Calgary Zone,Alberta,46
2020-08-25,1,Central Zone,Alberta,1
2020-08-25,1,Edmonton Zone,Alberta,64
2020-08-25,1,North Zone,Alberta,12
2020-08-25,1,South Zone,Alberta,2
2020-08-26,1,Calgary Zone,Alberta,36
2020-08-26,1,Central Zone,Alberta,2
2020-08-26,1,Edmonton Zone,Alberta,47
2020-08-26,1,North Zone,Alberta,19
2020-08-27,1,Calgary Zone,Alberta,96
2020-08-27,1,Central Zone,Alberta,1
2020-08-27,1,Edmonton Zone,Alberta,33
2020-08-27,1,North Zone,Alberta,20
2020-08-27,1,South Zone,Alberta,3
2020-08-28,1,Calgary Zone,Alberta,82
2020-08-28,1,Edmonton Zone,Alberta,46
2020-08-28,1,North Zone,Alberta,9
2020-08-28,1,South Zone,Alberta,5
2020-08-29,1,Calgary Zone,Alberta,70
2020-08-29,1,Central Zone,Alberta,8
2020-08-29,1,Edmonton Zone,Alberta,74
2020-08-29,1,North Zone,Alberta,27
2020-08-29,1,South Zone,Alberta,2
2020-08-30,1,Calgary Zone,Alberta,32
2020-08-30,1,Central Zone,Alberta,5
2020-08-30,1,Edmonton Zone,Alberta,54
2020-08-30,1,North Zone,Alberta,15
2020-08-30,1,South Zone,Alberta,3
2020-08-31,1,Calgary Zone,Alberta,66
2020-08-31,1,Central Zone,Alberta,2
2020-08-31,1,Edmonton Zone,Alberta,59
2020-08-31,1,North Zone,Alberta,20
2020-08-31,1,South Zone,Alberta,5
2020-09-01,1,Calgary Zone,Alberta,32
2020-09-01,1,Central Zone,Alberta,8
2020-09-01,1,Edmonton Zone,Alberta,49
2020-09-01,1,North Zone,Alberta,18
2020-09-01,1,South Zone,Alberta,2
2020-09-02,1,Calgary Zone,Alberta,52
2020-09-02,1,Central Zone,Alberta,10
2020-09-02,1,Edmonton Zone,Alberta,44
2020-09-02,1,North Zone,Alberta,21
2020-09-02,1,South Zone,Alberta,5
2020-09-03,1,Calgary Zone,Alberta,52
2020-09-03,1,Central Zone,Alberta,5
2020-09-03,1,Edmonton Zone,Alberta,77
2020-09-03,1,North Zone,Alberta,21
2020-09-03,1,South Zone,Alberta,2
2020-09-04,1,Calgary Zone,Alberta,65
2020-09-04,1,Central Zone,Alberta,1
2020-09-04,1,Edmonton Zone,Alberta,69
2020-09-04,1,North Zone,Alberta,31
2020-09-04,1,South Zone,Alberta,3
2020-09-05,1,Calgary Zone,Alberta,47
2020-09-05,1,Central Zone,Alberta,5
2020-09-05,1,Edmonton Zone,Alberta,84
2020-09-05,1,North Zone,Alberta,28
2020-09-05,1,South Zone,Alberta,4
2020-09-06,1,Calgary Zone,Alberta,47
2020-09-06,1,Central Zone,Alberta,2
2020-09-06,1,Edmonton Zone,Alberta,61
2020-09-06,1,North Zone,Alberta,21
2020-09-06,1,South Zone,Alberta,3
2020-09-07,1,Calgary Zone,Alberta,46
2020-09-07,1,Central Zone,Alberta,7
2020-09-07,1,Edmonton Zone,Alberta,64
2020-09-07,1,North Zone,Alberta,29
2020-09-07,1,South Zone,Alberta,1
2020-09-08,1,Calgary Zone,Alberta,29
2020-09-08,1,Edmonton Zone,Alberta,46
2020-09-08,1,North Zone,Alberta,17
2020-09-08,1,South Zone,Alberta,5
2020-09-09,1,Calgary Zone,Alberta,27
2020-09-09,1,Central Zone,Alberta,1
2020-09-09,1,Edmonton Zone,Alberta,60
2020-09-09,1,North Zone,Alberta,22
2020-09-09,1,South Zone,Alberta,3
2020-09-10,1,Calgary Zone,Alberta,28
2020-09-10,1,Central Zone,Alberta,2
2020-09-10,1,Edmonton Zone,Alberta,57
2020-09-10,1,North Zone,Alberta,26
2020-09-10,1,South Zone,Alberta,3
2020-09-11,1,Calgary Zone,Alberta,46
2020-09-11,1,Central Zone,Alberta,7
2020-09-11,1,Edmonton Zone,Alberta,34
2020-09-11,1,North Zone,Alberta,25
2020-09-11,1,South Zone,Alberta,3
2020-09-12,1,Calgary Zone,Alberta,49
2020-09-12,1,Central Zone,Alberta,5
2020-09-12,1,Edmonton Zone,Alberta,87
2020-09-12,1,North Zone,Alberta,23
2020-09-12,1,South Zone,Alberta,2
2020-09-13,1,Calgary Zone,Alberta,55
2020-09-13,1,Central Zone,Alberta,2
2020-09-13,1,Edmonton Zone,Alberta,69
2020-09-13,1,North Zone,Alberta,11
2020-09-14,1,Calgary Zone,Alberta,31
2020-09-14,1,Central Zone,Alberta,1
2020-09-14,1,Edmonton Zone,Alberta,67
2020-09-14,1,North Zone,Alberta,22
2020-09-14,1,South Zone,Alberta,2
2020-09-15,1,Calgary Zone,Alberta,47
2020-09-15,1,Central Zone,Alberta,1
2020-09-15,1,Edmonton Zone,Alberta,112
2020-09-15,1,North Zone,Alberta,7
2020-09-15,1,South Zone,Alberta,3
2020-09-16,1,Calgary Zone,Alberta,42
2020-09-16,1,Central Zone,Alberta,1
2020-09-16,1,Edmonton Zone,Alberta,102
2020-09-16,1,North Zone,Alberta,27
2020-09-16,1,South Zone,Alberta,10
2020-09-17,1,Calgary Zone,Alberta,48
2020-09-17,1,Edmonton Zone,Alberta,52
2020-09-17,1,North Zone,Alberta,22
2020-09-17,1,South Zone,Alberta,3
2020-09-18,1,Calgary Zone,Alberta,35
2020-09-18,1,Central Zone,Alberta,3
2020-09-18,1,Edmonton Zone,Alberta,90
2020-09-18,1,North Zone,Alberta,7
2020-09-18,1,South Zone,Alberta,2
2020-09-19,1,Calgary Zone,Alberta,37
2020-09-19,1,Central Zone,Alberta,1
2020-09-19,1,Edmonton Zone,Alberta,72
2020-09-19,1,North Zone,Alberta,3
2020-09-19,1,South Zone,Alberta,7
2020-09-20,1,Calgary Zone,Alberta,43
2020-09-20,1,Central Zone,Alberta,4
2020-09-20,1,Edmonton Zone,Alberta,86
2020-09-20,1,North Zone,Alberta,16
2020-09-20,1,South Zone,Alberta,3
2020-09-21,1,Calgary Zone,Alberta,60
2020-09-21,1,Central Zone,Alberta,3
2020-09-21,1,Edmonton Zone,Alberta,76
2020-09-21,1,North Zone,Alberta,14
2020-09-21,1,South Zone,Alberta,3
2020-09-22,1,Calgary Zone,Alberta,33
2020-09-22,1,Edmonton Zone,Alberta,80
2020-09-22,1,North Zone,Alberta,11
2020-09-22,1,South Zone,Alberta,4
2020-09-23,1,Calgary Zone,Alberta,63
2020-09-23,1,Central Zone,Alberta,2
2020-09-23,1,Edmonton Zone,Alberta,54
2020-09-23,1,North Zone,Alberta,7
2020-09-23,1,South Zone,Alberta,3
2020-09-24,1,Calgary Zone,Alberta,41
2020-09-24,1,Central Zone,Alberta,1
2020-09-24,1,Edmonton Zone,Alberta,69
2020-09-24,1,North Zone,Alberta,12
2020-09-24,1,South Zone,Alberta,1
2020-09-25,1,Calgary Zone,Alberta,68
2020-09-25,1,Central Zone,Alberta,1
2020-09-25,1,Edmonton Zone,Alberta,90
2020-09-25,1,North Zone,Alberta,13
2020-09-25,1,South Zone,Alberta,3
2020-09-26,1,Calgary Zone,Alberta,58
2020-09-26,1,Central Zone,Alberta,2
2020-09-26,1,Edmonton Zone,Alberta,85
2020-09-26,1,North Zone,Alberta,8
2020-09-26,1,South Zone,Alberta,2
2020-09-27,1,Calgary Zone,Alberta,43
2020-09-27,1,Central Zone,Alberta,2
2020-09-27,1,Edmonton Zone,Alberta,72
2020-09-27,1,North Zone,Alberta,3
2020-09-27,1,South Zone,Alberta,1
2020-09-28,1,Calgary Zone,Alberta,61
2020-09-28,1,Edmonton Zone,Alberta,60
2020-09-28,1,North Zone,Alberta,6
2020-09-29,1,Calgary Zone,Alberta,44
2020-09-29,1,Central Zone,Alberta,2
2020-09-29,1,Edmonton Zone,Alberta,118
2020-09-29,1,North Zone,Alberta,11
2020-09-30,1,Calgary Zone,Alberta,34
2020-09-30,1,Central Zone,Alberta,3
2020-09-30,1,Edmonton Zone,Alberta,103
2020-09-30,1,North Zone,Alberta,13
2020-09-30,1,South Zone,Alberta,1
2020-10-01,1,Calgary Zone,Alberta,36
2020-10-01,1,Central Zone,Alberta,4
2020-10-01,1,Edmonton Zone,Alberta,96
2020-10-01,1,North Zone,Alberta,8
2020-10-01,1,South Zone,Alberta,3
2020-10-02,1,Calgary Zone,Alberta,72
2020-10-02,1,Central Zone,Alberta,1
2020-10-02,1,Edmonton Zone,Alberta,126
2020-10-02,1,North Zone,Alberta,21
2020-10-02,1,South Zone,Alberta,2
2020-10-03,1,Calgary Zone,Alberta,54
2020-10-03,1,Central Zone,Alberta,5
2020-10-03,1,Edmonton Zone,Alberta,115
2020-10-03,1,North Zone,Alberta,8
2020-10-03,1,South Zone,Alberta,14
2020-10-04,1,Calgary Zone,Alberta,53
2020-10-04,1,Central Zone,Alberta,4
2020-10-04,1,Edmonton Zone,Alberta,125
2020-10-04,1,North Zone,Alberta,4
2020-10-04,1,South Zone,Alberta,27
2020-10-05,1,Calgary Zone,Alberta,52
2020-10-05,1,Central Zone,Alberta,6
2020-10-05,1,Edmonton Zone,Alberta,123
2020-10-05,1,North Zone,Alberta,9
2020-10-05,1,South Zone,Alberta,16
2020-10-06,1,Calgary Zone,Alberta,47
2020-10-06,1,Central Zone,Alberta,7
2020-10-06,1,Edmonton Zone,Alberta,164
2020-10-06,1,North Zone,Alberta,11
2020-10-06,1,South Zone,Alberta,14
2020-10-07,1,Calgary Zone,Alberta,55
2020-10-07,1,Central Zone,Alberta,8
2020-10-07,1,Edmonton Zone,Alberta,137
2020-10-07,1,North Zone,Alberta,10
2020-10-07,1,South Zone,Alberta,8
2020-10-08,1,Calgary Zone,Alberta,44
2020-10-08,1,Central Zone,Alberta,6
2020-10-08,1,Edmonton Zone,Alberta,113
2020-10-08,1,North Zone,Alberta,10
2020-10-08,1,South Zone,Alberta,13
2020-10-09,1,Calgary Zone,Alberta,74
2020-10-09,1,Central Zone,Alberta,17
2020-10-09,1,Edmonton Zone,Alberta,138
2020-10-09,1,North Zone,Alberta,13
2020-10-09,1,South Zone,Alberta,16
2020-10-10,1,Calgary Zone,Alberta,72
2020-10-10,1,Central Zone,Alberta,19
2020-10-10,1,Edmonton Zone,Alberta,122
2020-10-10,1,North Zone,Alberta,17
2020-10-10,1,South Zone,Alberta,20
2020-10-11,1,Calgary Zone,Alberta,74
2020-10-11,1,Central Zone,Alberta,16
2020-10-11,1,Edmonton Zone,Alberta,132
2020-10-11,1,North Zone,Alberta,10
2020-10-11,1,South Zone,Alberta,9
2020-10-12,1,Calgary Zone,Alberta,69
2020-10-12,1,Central Zone,Alberta,16
2020-10-12,1,Edmonton Zone,Alberta,111
2020-10-12,1,North Zone,Alberta,9
2020-10-12,1,South Zone,Alberta,16
2020-10-13,1,Calgary Zone,Alberta,72
2020-10-13,1,Central Zone,Alberta,4
2020-10-13,1,Edmonton Zone,Alberta,126
2020-10-13,1,North Zone,Alberta,8
2020-10-13,1,South Zone,Alberta,32
2020-10-14,1,Calgary Zone,Alberta,78
2020-10-14,1,Central Zone,Alberta,11
2020-10-14,1,Edmonton Zone,Alberta,120
2020-10-14,1,North Zone,Alberta,14
2020-10-14,1,South Zone,Alberta,19
2020-10-15,1,Calgary Zone,Alberta,94
2020-10-15,1,Central Zone,Alberta,18
2020-10-15,1,Edmonton Zone,Alberta,169
2020-10-15,1,North Zone,Alberta,23
2020-10-15,1,South Zone,Alberta,15
2020-10-16,1,Calgary Zone,Alberta,103
2020-10-16,1,Central Zone,Alberta,9
2020-10-16,1,Edmonton Zone,Alberta,152
2020-10-16,1,North Zone,Alberta,22
2020-10-16,1,South Zone,Alberta,21
2020-10-17,1,Calgary Zone,Alberta,111
2020-10-17,1,Central Zone,Alberta,14
2020-10-17,1,Edmonton Zone,Alberta,85
2020-10-17,1,North Zone,Alberta,7
2020-10-17,1,South Zone,Alberta,8
2020-10-18,1,Calgary Zone,Alberta,112
2020-10-18,1,Central Zone,Alberta,6
2020-10-18,1,Edmonton Zone,Alberta,202
2020-10-18,1,North Zone,Alberta,34
2020-10-18,1,South Zone,Alberta,16
2020-10-19,1,Calgary Zone,Alberta,126
2020-10-19,1,Central Zone,Alberta,6
2020-10-19,1,Edmonton Zone,Alberta,151
2020-10-19,1,North Zone,Alberta,24
2020-10-19,1,South Zone,Alberta,17
2020-10-20,1,Calgary Zone,Alberta,181
2020-10-20,1,Central Zone,Alberta,8
2020-10-20,1,Edmonton Zone,Alberta,174
2020-10-20,1,North Zone,Alberta,10
2020-10-20,1,South Zone,Alberta,19
2020-10-21,1,Calgary Zone,Alberta,165
2020-10-21,1,Central Zone,Alberta,9
2020-10-21,1,Edmonton Zone,Alberta,219
2020-10-21,1,North Zone,Alberta,30
2020-10-21,1,South Zone,Alberta,13
2020-10-22,1,Calgary Zone,Alberta,150
2020-10-22,1,Central Zone,Alberta,22
2020-10-22,1,Edmonton Zone,Alberta,187
2020-10-22,1,North Zone,Alberta,37
2020-10-22,1,South Zone,Alberta,46
2020-10-23,1,Calgary Zone,Alberta,159
2020-10-23,1,Central Zone,Alberta,11
2020-10-23,1,Edmonton Zone,Alberta,180
2020-10-23,1,North Zone,Alberta,26
2020-10-23,1,South Zone,Alberta,14
2020-10-24,1,Calgary Zone,Alberta,155
2020-10-24,1,Central Zone,Alberta,23
2020-10-24,1,Edmonton Zone,Alberta,312
2020-10-24,1,North Zone,Alberta,52
2020-10-24,1,South Zone,Alberta,36
2020-10-25,1,Calgary Zone,Alberta,158
2020-10-25,1,Central Zone,Alberta,19
2020-10-25,1,Edmonton Zone,Alberta,265
2020-10-25,1,North Zone,Alberta,33
2020-10-25,1,South Zone,Alberta,26
2020-10-26,1,Calgary Zone,Alberta,214
2020-10-26,1,Central Zone,Alberta,8
2020-10-26,1,Edmonton Zone,Alberta,157
2020-10-26,1,North Zone,Alberta,21
2020-10-26,1,South Zone,Alberta,16
2020-10-27,1,Calgary Zone,Alberta,206
2020-10-27,1,Central Zone,Alberta,11
2020-10-27,1,Edmonton Zone,Alberta,145
2020-10-27,1,North Zone,Alberta,22
2020-10-27,1,South Zone,Alberta,23
2020-10-28,1,Calgary Zone,Alberta,214
2020-10-28,1,Central Zone,Alberta,20
2020-10-28,1,Edmonton Zone,Alberta,193
2020-10-28,1,North Zone,Alberta,32
2020-10-28,1,South Zone,Alberta,20
2020-10-29,1,Calgary Zone,Alberta,282
2020-10-29,1,Central Zone,Alberta,31
2020-10-29,1,Edmonton Zone,Alberta,211
2020-10-29,1,North Zone,Alberta,44
2020-10-29,1,South Zone,Alberta,46
2020-10-30,1,Calgary Zone,Alberta,288
2020-10-30,1,Central Zone,Alberta,28
2020-10-30,1,Edmonton Zone,Alberta,200
2020-10-30,1,North Zone,Alberta,31
2020-10-30,1,South Zone,Alberta,42
2020-10-31,1,Calgary Zone,Alberta,246
2020-10-31,1,Central Zone,Alberta,22
2020-10-31,1,Edmonton Zone,Alberta,167
2020-10-31,1,North Zone,Alberta,56
2020-10-31,1,South Zone,Alberta,33
2020-11-01,1,Calgary Zone,Alberta,220
2020-11-01,1,Central Zone,Alberta,31
2020-11-01,1,Edmonton Zone,Alberta,292
2020-11-01,1,North Zone,Alberta,35
2020-11-01,1,South Zone,Alberta,27
2020-11-02,1,Calgary Zone,Alberta,213
2020-11-02,1,Central Zone,Alberta,8
2020-11-02,1,Edmonton Zone,Alberta,294
2020-11-02,1,North Zone,Alberta,31
2020-11-02,1,South Zone,Alberta,25
2020-11-03,1,Calgary Zone,Alberta,207
2020-11-03,1,Central Zone,Alberta,17
2020-11-03,1,Edmonton Zone,Alberta,263
2020-11-03,1,North Zone,Alberta,19
2020-11-03,1,South Zone,Alberta,31
2020-11-04,1,Calgary Zone,Alberta,319
2020-11-04,1,Central Zone,Alberta,27
2020-11-04,1,Edmonton Zone,Alberta,315
2020-11-04,1,North Zone,Alberta,50
2020-11-04,1,South Zone,Alberta,60
2020-11-05,1,Calgary Zone,Alberta,291
2020-11-05,1,Central Zone,Alberta,28
2020-11-05,1,Edmonton Zone,Alberta,296
2020-11-05,1,North Zone,Alberta,55
2020-11-05,1,South Zone,Alberta,66
2020-11-06,1,Calgary Zone,Alberta,327
2020-11-06,1,Central Zone,Alberta,45
2020-11-06,1,Edmonton Zone,Alberta,350
2020-11-06,1,North Zone,Alberta,50
2020-11-06,1,South Zone,Alberta,53
2020-11-07,1,Calgary Zone,Alberta,288
2020-11-07,1,Central Zone,Alberta,25
2020-11-07,1,Edmonton Zone,Alberta,226
2020-11-07,1,North Zone,Alberta,56
2020-11-07,1,South Zone,Alberta,45
2020-11-08,1,Calgary Zone,Alberta,238
2020-11-08,1,Central Zone,Alberta,30
2020-11-08,1,Edmonton Zone,Alberta,281
2020-11-08,1,North Zone,Alberta,43
2020-11-08,1,South Zone,Alberta,39
2020-11-09,1,Calgary Zone,Alberta,309
2020-11-09,1,Central Zone,Alberta,13
2020-11-09,1,Edmonton Zone,Alberta,340
2020-11-09,1,North Zone,Alberta,42
2020-11-09,1,South Zone,Alberta,20
2020-11-10,1,Calgary Zone,Alberta,295
2020-11-10,1,Central Zone,Alberta,31
2020-11-10,1,Edmonton Zone,Alberta,244
2020-11-10,1,North Zone,Alberta,42
2020-11-10,1,South Zone,Alberta,63
2020-11-11,1,Calgary Zone,Alberta,333
2020-11-11,1,Central Zone,Alberta,54
2020-11-11,1,Edmonton Zone,Alberta,380
2020-11-11,1,North Zone,Alberta,48
2020-11-11,1,South Zone,Alberta,40
2020-11-12,1,Calgary Zone,Alberta,337
2020-11-12,1,Central Zone,Alberta,42
2020-11-12,1,Edmonton Zone,Alberta,396
2020-11-12,1,North Zone,Alberta,81
2020-11-12,1,South Zone,Alberta,40
2020-11-13,1,Calgary Zone,Alberta,413
2020-11-13,1,Central Zone,Alberta,55
2020-11-13,1,Edmonton Zone,Alberta,420
2020-11-13,1,North Zone,Alberta,67
2020-11-13,1,South Zone,Alberta,62
2020-11-14,1,Calgary Zone,Alberta,432
2020-11-14,1,Central Zone,Alberta,50
2020-11-14,1,Edmonton Zone,Alberta,402
2020-11-14,1,North Zone,Alberta,71
2020-11-14,1,South Zone,Alberta,28
2020-11-15,1,Calgary Zone,Alberta,357
2020-11-15,1,Central Zone,Alberta,46
2020-11-15,1,Edmonton Zone,Alberta,334
2020-11-15,1,North Zone,Alberta,64
2020-11-15,1,South Zone,Alberta,51
2020-11-16,1,Calgary Zone,Alberta,346
2020-11-16,1,Central Zone,Alberta,20
2020-11-16,1,Edmonton Zone,Alberta,312
2020-11-16,1,North Zone,Alberta,41
2020-11-16,1,South Zone,Alberta,47
2020-11-17,1,Calgary Zone,Alberta,295
2020-11-17,1,Central Zone,Alberta,37
2020-11-17,1,Edmonton Zone,Alberta,332
2020-11-17,1,North Zone,Alberta,30
2020-11-17,1,South Zone,Alberta,35
2020-11-18,1,Calgary Zone,Alberta,362
2020-11-18,1,Central Zone,Alberta,89
2020-11-18,1,Edmonton Zone,Alberta,521
2020-11-18,1,North Zone,Alberta,61
2020-11-18,1,South Zone,Alberta,69
2020-11-19,1,Calgary Zone,Alberta,410
2020-11-19,1,Central Zone,Alberta,83
2020-11-19,1,Edmonton Zone,Alberta,503
2020-11-19,1,North Zone,Alberta,56
2020-11-19,1,South Zone,Alberta,88
2020-11-20,1,Calgary Zone,Alberta,435
2020-11-20,1,Central Zone,Alberta,73
2020-11-20,1,Edmonton Zone,Alberta,712
2020-11-20,1,North Zone,Alberta,51
2020-11-20,1,South Zone,Alberta,63
2020-11-21,1,Calgary Zone,Alberta,472
2020-11-21,1,Central Zone,Alberta,131
2020-11-21,1,Edmonton Zone,Alberta,836
2020-11-21,1,North Zone,Alberta,71
2020-11-21,1,South Zone,Alberta,52
2020-11-22,1,Calgary Zone,Alberta,457
2020-11-22,1,Central Zone,Alberta,108
2020-11-22,1,Edmonton Zone,Alberta,802
2020-11-22,1,North Zone,Alberta,94
2020-11-22,1,South Zone,Alberta,67
2020-11-23,1,Calgary Zone,Alberta,419
2020-11-23,1,Central Zone,Alberta,66
2020-11-23,1,Edmonton Zone,Alberta,525
2020-11-23,1,North Zone,Alberta,79
2020-11-23,1,South Zone,Alberta,31
2020-11-24,1,Calgary Zone,Alberta,450
2020-11-24,1,Central Zone,Alberta,87
2020-11-24,1,Edmonton Zone,Alberta,570
2020-11-24,1,North Zone,Alberta,107
2020-11-24,1,South Zone,Alberta,57
2020-11-25,1,Calgary Zone,Alberta,420
2020-11-25,1,Central Zone,Alberta,118
2020-11-25,1,Edmonton Zone,Alberta,453
2020-11-25,1,North Zone,Alberta,45
2020-11-25,1,South Zone,Alberta,48
2020-11-26,1,Calgary Zone,Alberta,425
2020-11-26,1,Central Zone,Alberta,69
2020-11-26,1,Edmonton Zone,Alberta,644
2020-11-26,1,North Zone,Alberta,48
2020-11-26,1,South Zone,Alberta,43
2020-11-27,1,Calgary Zone,Alberta,649
2020-11-27,1,Central Zone,Alberta,109
2020-11-27,1,Edmonton Zone,Alberta,812
2020-11-27,1,North Zone,Alberta,99
2020-11-27,1,South Zone,Alberta,46
2020-11-28,1,Calgary Zone,Alberta,650
2020-11-28,1,Central Zone,Alberta,132
2020-11-28,1,Edmonton Zone,Alberta,671
2020-11-28,1,North Zone,Alberta,92
2020-11-28,1,South Zone,Alberta,49
2020-11-29,1,Calgary Zone,Alberta,737
2020-11-29,1,Central Zone,Alberta,197
2020-11-29,1,Edmonton Zone,Alberta,618
2020-11-29,1,North Zone,Alberta,73
2020-11-29,1,South Zone,Alberta,86
2020-11-30,1,Calgary Zone,Alberta,434
2020-11-30,1,Central Zone,Alberta,91
2020-11-30,1,Edmonton Zone,Alberta,655
2020-11-30,1,North Zone,Alberta,96
2020-11-30,1,South Zone,Alberta,41
2020-12-01,1,Calgary Zone,Alberta,633
2020-12-01,1,Central Zone,Alberta,62
2020-12-01,1,Edmonton Zone,Alberta,814
2020-12-01,1,North Zone,Alberta,134
2020-12-01,1,South Zone,Alberta,53
2020-12-02,1,Calgary Zone,Alberta,599
2020-12-02,1,Central Zone,Alberta,115
2020-12-02,1,Edmonton Zone,Alberta,997
2020-12-02,1,North Zone,Alberta,91
2020-12-02,1,South Zone,Alberta,49
2020-12-03,1,Calgary Zone,Alberta,676
2020-12-03,1,Central Zone,Alberta,120
2020-12-03,1,Edmonton Zone,Alberta,823
2020-12-03,1,North Zone,Alberta,126
2020-12-03,1,South Zone,Alberta,49
2020-12-04,1,Calgary Zone,Alberta,765
2020-12-04,1,Central Zone,Alberta,176
2020-12-04,1,Edmonton Zone,Alberta,805
2020-12-04,1,North Zone,Alberta,93
2020-12-04,1,South Zone,Alberta,42
2020-12-05,1,Calgary Zone,Alberta,761
2020-12-05,1,Central Zone,Alberta,116
2020-12-05,1,Edmonton Zone,Alberta,764
2020-12-05,1,North Zone,Alberta,124
2020-12-05,1,South Zone,Alberta,65
2020-12-06,1,Calgary Zone,Alberta,590
2020-12-06,1,Central Zone,Alberta,142
2020-12-06,1,Edmonton Zone,Alberta,823
2020-12-06,1,North Zone,Alberta,116
2020-12-06,1,South Zone,Alberta,54
2020-12-07,1,Calgary Zone,Alberta,591
2020-12-07,1,Central Zone,Alberta,178
2020-12-07,1,Edmonton Zone,Alberta,799
2020-12-07,1,North Zone,Alberta,164
2020-12-07,1,South Zone,Alberta,62
2020-12-08,1,Calgary Zone,Alberta,546
2020-12-08,1,Central Zone,Alberta,96
2020-12-08,1,Edmonton Zone,Alberta,714
2020-12-08,1,North Zone,Alberta,105
2020-12-08,1,South Zone,Alberta,33
2020-12-09,1,Calgary Zone,Alberta,376
2020-12-09,1,Central Zone,Alberta,118
2020-12-09,1,Edmonton Zone,Alberta,944
2020-12-09,1,North Zone,Alberta,120
2020-12-09,1,South Zone,Alberta,38
2020-12-10,1,Calgary Zone,Alberta,496
2020-12-10,1,Central Zone,Alberta,156
2020-12-10,1,Edmonton Zone,Alberta,929
2020-12-10,1,North Zone,Alberta,101
2020-12-10,1,South Zone,Alberta,64
2020-12-11,1,Calgary Zone,Alberta,554
2020-12-11,1,Central Zone,Alberta,133
2020-12-11,1,Edmonton Zone,Alberta,740
2020-12-11,1,North Zone,Alberta,122
2020-12-11,1,South Zone,Alberta,48
2020-12-12,1,Calgary Zone,Alberta,615
2020-12-12,1,Central Zone,Alberta,146
2020-12-12,1,Edmonton Zone,Alberta,814
2020-12-12,1,North Zone,Alberta,114
2020-12-12,1,South Zone,Alberta,20
2020-12-13,1,Calgary Zone,Alberta,620
2020-12-13,1,Central Zone,Alberta,109
2020-12-13,1,Edmonton Zone,Alberta,1005
2020-12-13,1,North Zone,Alberta,96
2020-12-13,1,South Zone,Alberta,35
2020-12-14,1,Calgary Zone,Alberta,501
2020-12-14,1,Central Zone,Alberta,86
2020-12-14,1,Edmonton Zone,Alberta,581
2020-12-14,1,North Zone,Alberta,128
2020-12-14,1,South Zone,Alberta,45
2020-12-15,1,Calgary Zone,Alberta,462
2020-12-15,1,Central Zone,Alberta,106
2020-12-15,1,Edmonton Zone,Alberta,571
2020-12-15,1,North Zone,Alberta,102
2020-12-15,1,South Zone,Alberta,47
2020-12-16,1,Calgary Zone,Alberta,555
2020-12-16,1,Central Zone,Alberta,133
2020-12-16,1,Edmonton Zone,Alberta,776
2020-12-16,1,North Zone,Alberta,89
2020-12-16,1,South Zone,Alberta,39
2020-12-17,1,Calgary Zone,Alberta,543
2020-12-17,1,Central Zone,Alberta,138
2020-12-17,1,Edmonton Zone,Alberta,669
2020-12-17,1,North Zone,Alberta,79
2020-12-17,1,South Zone,Alberta,31
2020-12-18,1,Calgary Zone,Alberta,546
2020-12-18,1,Central Zone,Alberta,132
2020-12-18,1,Edmonton Zone,Alberta,591
2020-12-18,1,North Zone,Alberta,73
2020-12-18,1,South Zone,Alberta,27
2020-12-19,1,Calgary Zone,Alberta,457
2020-12-19,1,Central Zone,Alberta,129
2020-12-19,1,Edmonton Zone,Alberta,608
2020-12-19,1,North Zone,Alberta,72
2020-12-19,1,South Zone,Alberta,42
2020-12-20,1,Calgary Zone,Alberta,448
2020-12-20,1,Central Zone,Alberta,147
2020-12-20,1,Edmonton Zone,Alberta,546
2020-12-20,1,North Zone,Alberta,89
2020-12-20,1,South Zone,Alberta,21
2020-12-21,1,Calgary Zone,Alberta,341
2020-12-21,1,Central Zone,Alberta,98
2020-12-21,1,Edmonton Zone,Alberta,473
2020-12-21,1,North Zone,Alberta,118
2020-12-21,1,South Zone,Alberta,21
2020-12-22,1,Calgary Zone,Alberta,481
2020-12-22,1,Central Zone,Alberta,99
2020-12-22,1,Edmonton Zone,Alberta,652
2020-12-22,1,North Zone,Alberta,84
2020-12-22,1,South Zone,Alberta,20
2020-12-23,1,Calgary Zone,Alberta,335
2020-12-23,1,Central Zone,Alberta,110
2020-12-23,1,Edmonton Zone,Alberta,554
2020-12-23,1,North Zone,Alberta,115
2020-12-23,1,South Zone,Alberta,16
2020-12-24,1,Calgary Zone,Alberta,318
2020-12-24,1,Central Zone,Alberta,143
2020-12-24,1,Edmonton Zone,Alberta,617
2020-12-24,1,North Zone,Alberta,111
2020-12-24,1,South Zone,Alberta,50
2020-12-25,1,Calgary Zone,Alberta,295
2020-12-25,1,Central Zone,Alberta,136
2020-12-25,1,Edmonton Zone,Alberta,370
2020-12-25,1,North Zone,Alberta,86
2020-12-25,1,South Zone,Alberta,17
2020-12-26,1,Calgary Zone,Alberta,191
2020-12-26,1,Central Zone,Alberta,53
2020-12-26,1,Edmonton Zone,Alberta,190
2020-12-26,1,North Zone,Alberta,43
2020-12-26,1,South Zone,Alberta,8
2020-12-27,1,Calgary Zone,Alberta,372
2020-12-27,1,Central Zone,Alberta,134
2020-12-27,1,Edmonton Zone,Alberta,380
2020-12-27,1,North Zone,Alberta,59
2020-12-27,1,South Zone,Alberta,10
2020-12-28,1,Calgary Zone,Alberta,309
2020-12-28,1,Central Zone,Alberta,124
2020-12-28,1,Edmonton Zone,Alberta,340
2020-12-28,1,North Zone,Alberta,104
2020-12-28,1,South Zone,Alberta,19
2020-12-29,1,Calgary Zone,Alberta,416
2020-12-29,1,Central Zone,Alberta,113
2020-12-29,1,Edmonton Zone,Alberta,706
2020-12-29,1,North Zone,Alberta,100
2020-12-29,1,South Zone,Alberta,30
2020-12-30,1,Calgary Zone,Alberta,432
2020-12-30,1,Central Zone,Alberta,122
2020-12-30,1,Edmonton Zone,Alberta,530
2020-12-30,1,North Zone,Alberta,174
2020-12-30,1,South Zone,Alberta,5
2020-12-31,1,Calgary Zone,Alberta,477
2020-12-31,1,Central Zone,Alberta,149
2020-12-31,1,Edmonton Zone,Alberta,582
2020-12-31,1,North Zone,Alberta,101
2020-12-31,1,South Zone,Alberta,51
2021-01-01,1,Calgary Zone,Alberta,236
2021-01-01,1,Central Zone,Alberta,180
2021-01-01,1,Edmonton Zone,Alberta,330
2021-01-01,1,North Zone,Alberta,160
2021-01-01,1,South Zone,Alberta,15
2021-01-02,1,Calgary Zone,Alberta,113
2021-01-02,1,Central Zone,Alberta,75
2021-01-02,1,Edmonton Zone,Alberta,180
2021-01-02,1,North Zone,Alberta,65
2021-01-02,1,South Zone,Alberta,33
2021-01-03,1,Calgary Zone,Alberta,548
2021-01-03,1,Central Zone,Alberta,97
2021-01-03,1,Edmonton Zone,Alberta,347
2021-01-03,1,North Zone,Alberta,130
2021-01-03,1,South Zone,Alberta,17
2021-01-04,1,Calgary Zone,Alberta,300
2021-01-04,1,Central Zone,Alberta,73
2021-01-04,1,Edmonton Zone,Alberta,351
2021-01-04,1,North Zone,Alberta,131
2021-01-04,1,South Zone,Alberta,22
2021-01-05,1,Calgary Zone,Alberta,436
2021-01-05,1,Central Zone,Alberta,126
2021-01-05,1,Edmonton Zone,Alberta,437
2021-01-05,1,North Zone,Alberta,120
2021-01-05,1,South Zone,Alberta,29
2021-01-06,1,Calgary Zone,Alberta,409
2021-01-06,1,Central Zone,Alberta,91
2021-01-06,1,Edmonton Zone,Alberta,321
2021-01-06,1,North Zone,Alberta,125
2021-01-06,1,South Zone,Alberta,20
2021-01-07,1,Calgary Zone,Alberta,390
2021-01-07,1,Central Zone,Alberta,137
2021-01-07,1,Edmonton Zone,Alberta,429
2021-01-07,1,North Zone,Alberta,189
2021-01-07,1,South Zone,Alberta,31
2021-01-08,1,Calgary Zone,Alberta,354
2021-01-08,1,Central Zone,Alberta,137
2021-01-08,1,Edmonton Zone,Alberta,294
2021-01-08,1,North Zone,Alberta,157
2021-01-08,1,South Zone,Alberta,40
2021-01-09,1,Calgary Zone,Alberta,342
2021-01-09,1,Central Zone,Alberta,88
2021-01-09,1,Edmonton Zone,Alberta,250
2021-01-09,1,North Zone,Alberta,108
2021-01-09,1,South Zone,Alberta,21
2021-01-10,1,Calgary Zone,Alberta,261
2021-01-10,1,Central Zone,Alberta,66
2021-01-10,1,Edmonton Zone,Alberta,185
2021-01-10,1,North Zone,Alberta,93
2021-01-10,1,South Zone,Alberta,22
2021-01-11,1,Calgary Zone,Alberta,260
2021-01-11,1,Central Zone,Alberta,31
2021-01-11,1,Edmonton Zone,Alberta,262
2021-01-11,1,North Zone,Alberta,98
2021-01-11,1,South Zone,Alberta,24
2021-01-12,1,Calgary Zone,Alberta,353
2021-01-12,1,Central Zone,Alberta,51
2021-01-12,1,Edmonton Zone,Alberta,302
2021-01-12,1,North Zone,Alberta,111
2021-01-12,1,South Zone,Alberta,50
2021-01-13,1,Calgary Zone,Alberta,369
2021-01-13,1,Central Zone,Alberta,83
2021-01-13,1,Edmonton Zone,Alberta,302
2021-01-13,1,North Zone,Alberta,168
2021-01-13,1,South Zone,Alberta,44
2021-01-14,1,Calgary Zone,Alberta,249
2021-01-14,1,Central Zone,Alberta,81
2021-01-14,1,Edmonton Zone,Alberta,258
2021-01-14,1,North Zone,Alberta,145
2021-01-14,1,South Zone,Alberta,46
2021-01-15,1,Calgary Zone,Alberta,266
2021-01-15,1,Central Zone,Alberta,74
2021-01-15,1,Edmonton Zone,Alberta,215
2021-01-15,1,North Zone,Alberta,117
2021-01-15,1,South Zone,Alberta,31
2021-01-16,1,Calgary Zone,Alberta,261
2021-01-16,1,Central Zone,Alberta,75
2021-01-16,1,Edmonton Zone,Alberta,250
2021-01-16,1,North Zone,Alberta,111
2021-01-16,1,South Zone,Alberta,46
2021-01-17,1,Calgary Zone,Alberta,179
2021-01-17,1,Central Zone,Alberta,33
2021-01-17,1,Edmonton Zone,Alberta,175
2021-01-17,1,North Zone,Alberta,56
2021-01-17,1,South Zone,Alberta,17
2021-01-18,1,Calgary Zone,Alberta,242
2021-01-18,1,Central Zone,Alberta,38
2021-01-18,1,Edmonton Zone,Alberta,110
2021-01-18,1,North Zone,Alberta,58
2021-01-18,1,South Zone,Alberta,14
2021-01-19,1,Calgary Zone,Alberta,249
2021-01-19,1,Central Zone,Alberta,52
2021-01-19,1,Edmonton Zone,Alberta,252
2021-01-19,1,North Zone,Alberta,77
2021-01-19,1,South Zone,Alberta,40
2021-01-20,1,Calgary Zone,Alberta,225
2021-01-20,1,Central Zone,Alberta,79
2021-01-20,1,Edmonton Zone,Alberta,227
2021-01-20,1,North Zone,Alberta,115
2021-01-20,1,South Zone,Alberta,25
2021-01-21,1,Calgary Zone,Alberta,273
2021-01-21,1,Central Zone,Alberta,32
2021-01-21,1,Edmonton Zone,Alberta,199
2021-01-21,1,North Zone,Alberta,98
2021-01-21,1,South Zone,Alberta,40
2021-01-22,1,Calgary Zone,Alberta,275
2021-01-22,1,Central Zone,Alberta,39
2021-01-22,1,Edmonton Zone,Alberta,169
2021-01-22,1,North Zone,Alberta,65
2021-01-22,1,South Zone,Alberta,19
2021-01-23,1,Calgary Zone,Alberta,162
2021-01-23,1,Central Zone,Alberta,53
2021-01-23,1,Edmonton Zone,Alberta,142
2021-01-23,1,North Zone,Alberta,75
2021-01-23,1,South Zone,Alberta,19
2021-01-24,1,Calgary Zone,Alberta,168
2021-01-24,1,Central Zone,Alberta,23
2021-01-24,1,Edmonton Zone,Alberta,116
2021-01-24,1,North Zone,Alberta,33
2021-01-24,1,South Zone,Alberta,18
2021-01-25,1,Calgary Zone,Alberta,167
2021-01-25,1,Central Zone,Alberta,28
2021-01-25,1,Edmonton Zone,Alberta,118
2021-01-25,1,North Zone,Alberta,40
2021-01-25,1,South Zone,Alberta,9
2021-01-26,1,Calgary Zone,Alberta,181
2021-01-26,1,Central Zone,Alberta,63
2021-01-26,1,Edmonton Zone,Alberta,136
2021-01-26,1,North Zone,Alberta,63
2021-01-26,1,South Zone,Alberta,25
2021-01-27,1,Calgary Zone,Alberta,197
2021-01-27,1,Central Zone,Alberta,38
2021-01-27,1,Edmonton Zone,Alberta,131
2021-01-27,1,North Zone,Alberta,77
2021-01-27,1,South Zone,Alberta,30
2021-01-28,1,Calgary Zone,Alberta,219
2021-01-28,1,Central Zone,Alberta,54
2021-01-28,1,Edmonton Zone,Alberta,152
2021-01-28,1,North Zone,Alberta,59
2021-01-28,1,South Zone,Alberta,35
2021-01-29,1,Calgary Zone,Alberta,176
2021-01-29,1,Central Zone,Alberta,37
2021-01-29,1,Edmonton Zone,Alberta,94
2021-01-29,1,North Zone,Alberta,59
2021-01-29,1,South Zone,Alberta,22
2021-01-30,1,Calgary Zone,Alberta,189
2021-01-30,1,Central Zone,Alberta,71
2021-01-30,1,Edmonton Zone,Alberta,104
2021-01-30,1,North Zone,Alberta,81
2021-01-30,1,South Zone,Alberta,23
2021-01-31,1,Calgary Zone,Alberta,124
2021-01-31,1,Central Zone,Alberta,50
2021-01-31,1,Edmonton Zone,Alberta,116
2021-01-31,1,North Zone,Alberta,47
2021-01-31,1,South Zone,Alberta,14
2021-02-01,1,Calgary Zone,Alberta,127
2021-02-01,1,Central Zone,Alberta,24
2021-02-01,1,Edmonton Zone,Alberta,81
2021-02-01,1,North Zone,Alberta,33
2021-02-01,1,South Zone,Alberta,15
2021-02-02,1,Calgary Zone,Alberta,209
2021-02-02,1,Central Zone,Alberta,53
2021-02-02,1,Edmonton Zone,Alberta,124
2021-02-02,1,North Zone,Alberta,44
2021-02-02,1,South Zone,Alberta,26
2021-02-03,1,Calgary Zone,Alberta,174
2021-02-03,1,Central Zone,Alberta,35
2021-02-03,1,Edmonton Zone,Alberta,119
2021-02-03,1,North Zone,Alberta,58
2021-02-03,1,South Zone,Alberta,17
2021-02-04,1,Calgary Zone,Alberta,156
2021-02-04,1,Central Zone,Alberta,40
2021-02-04,1,Edmonton Zone,Alberta,90
2021-02-04,1,North Zone,Alberta,75
2021-02-04,1,South Zone,Alberta,33
2021-02-05,1,Calgary Zone,Alberta,145
2021-02-05,1,Central Zone,Alberta,60
2021-02-05,1,Edmonton Zone,Alberta,80
2021-02-05,1,North Zone,Alberta,52
2021-02-05,1,South Zone,Alberta,24
2021-02-06,1,Calgary Zone,Alberta,115
2021-02-06,1,Central Zone,Alberta,67
2021-02-06,1,Edmonton Zone,Alberta,74
2021-02-06,1,North Zone,Alberta,69
2021-02-06,1,South Zone,Alberta,27
2021-02-07,1,Calgary Zone,Alberta,111
2021-02-07,1,Central Zone,Alberta,32
2021-02-07,1,Edmonton Zone,Alberta,74
2021-02-07,1,North Zone,Alberta,40
2021-02-07,1,South Zone,Alberta,11
2021-02-08,1,Calgary Zone,Alberta,98
2021-02-08,1,Central Zone,Alberta,32
2021-02-08,1,Edmonton Zone,Alberta,56
2021-02-08,1,North Zone,Alberta,13
2021-02-08,1,South Zone,Alberta,21
2021-02-09,1,Calgary Zone,Alberta,113
2021-02-09,1,Central Zone,Alberta,46
2021-02-09,1,Edmonton Zone,Alberta,97
2021-02-09,1,North Zone,Alberta,49
2021-02-09,1,South Zone,Alberta,31
2021-02-10,1,Calgary Zone,Alberta,143
2021-02-10,1,Central Zone,Alberta,59
2021-02-10,1,Edmonton Zone,Alberta,70
2021-02-10,1,North Zone,Alberta,61
2021-02-10,1,South Zone,Alberta,15
2021-02-11,1,Calgary Zone,Alberta,117
2021-02-11,1,Central Zone,Alberta,41
2021-02-11,1,Edmonton Zone,Alberta,60
2021-02-11,1,North Zone,Alberta,61
2021-02-11,1,South Zone,Alberta,39
2021-02-12,1,Calgary Zone,Alberta,108
2021-02-12,1,Central Zone,Alberta,58
2021-02-12,1,Edmonton Zone,Alberta,68
2021-02-12,1,North Zone,Alberta,40
2021-02-12,1,South Zone,Alberta,27
2021-02-13,1,Calgary Zone,Alberta,105
2021-02-13,1,Central Zone,Alberta,54
2021-02-13,1,Edmonton Zone,Alberta,41
2021-02-13,1,North Zone,Alberta,63
2021-02-13,1,South Zone,Alberta,24
2021-02-14,1,Calgary Zone,Alberta,87
2021-02-14,1,Central Zone,Alberta,46
2021-02-14,1,Edmonton Zone,Alberta,39
2021-02-14,1,North Zone,Alberta,54
2021-02-14,1,South Zone,Alberta,18
2021-02-15,1,Calgary Zone,Alberta,89
2021-02-15,1,Central Zone,Alberta,30
2021-02-15,1,Edmonton Zone,Alberta,45
2021-02-15,1,North Zone,Alberta,57
2021-02-15,1,South Zone,Alberta,39
2021-02-16,2,Calgary Zone,Alberta,110
2021-02-16,2,Central Zone,Alberta,53
2021-02-16,2,Edmonton Zone,Alberta,78
2021-02-16,2,North Zone,Alberta,32
2021-02-16,2,South Zone,Alberta,13
2021-02-17,2,Calgary Zone,Alberta,95
2021-02-17,2,Central Zone,Alberta,78
2021-02-17,2,Edmonton Zone,Alberta,84
2021-02-17,2,North Zone,Alberta,132
2021-02-17,2,South Zone,Alberta,30
2021-02-18,2,Calgary Zone,Alberta,104
2021-02-18,2,Central Zone,Alberta,80
2021-02-18,2,Edmonton Zone,Alberta,69
2021-02-18,2,North Zone,Alberta,59
2021-02-18,2,South Zone,Alberta,20
2021-02-19,2,Calgary Zone,Alberta,144
2021-02-19,2,Central Zone,Alberta,70
2021-02-19,2,Edmonton Zone,Alberta,46
2021-02-19,2,North Zone,Alberta,98
2021-02-19,2,South Zone,Alberta,24
2021-02-20,2,Calgary Zone,Alberta,114
2021-02-20,2,Central Zone,Alberta,44
2021-02-20,2,Edmonton Zone,Alberta,50
2021-02-20,2,North Zone,Alberta,100
2021-02-20,2,South Zone,Alberta,19
2021-02-21,2,Calgary Zone,Alberta,123
2021-02-21,2,Central Zone,Alberta,35
2021-02-21,2,Edmonton Zone,Alberta,48
2021-02-21,2,North Zone,Alberta,27
2021-02-21,2,South Zone,Alberta,36
2021-02-22,2,Calgary Zone,Alberta,95
2021-02-22,2,Central Zone,Alberta,35
2021-02-22,2,Edmonton Zone,Alberta,52
2021-02-22,2,North Zone,Alberta,68
2021-02-22,2,South Zone,Alberta,27
2021-02-23,2,Calgary Zone,Alberta,124
2021-02-23,2,Central Zone,Alberta,71
2021-02-23,2,Edmonton Zone,Alberta,101
2021-02-23,2,North Zone,Alberta,110
2021-02-23,2,South Zone,Alberta,19
2021-02-24,2,Calgary Zone,Alberta,106
2021-02-24,2,Central Zone,Alberta,55
2021-02-24,2,Edmonton Zone,Alberta,87
2021-02-24,2,North Zone,Alberta,139
2021-02-24,2,South Zone,Alberta,17
2021-02-25,2,Calgary Zone,Alberta,124
2021-02-25,2,Central Zone,Alberta,55
2021-02-25,2,Edmonton Zone,Alberta,82
2021-02-25,2,North Zone,Alberta,66
2021-02-25,2,South Zone,Alberta,28
2021-02-26,2,Calgary Zone,Alberta,144
2021-02-26,2,Central Zone,Alberta,40
2021-02-26,2,Edmonton Zone,Alberta,89
2021-02-26,2,North Zone,Alberta,110
2021-02-26,2,South Zone,Alberta,30
2021-02-27,2,Calgary Zone,Alberta,112
2021-02-27,2,Central Zone,Alberta,13
2021-02-27,2,Edmonton Zone,Alberta,84
2021-02-27,2,North Zone,Alberta,65
2021-02-27,2,South Zone,Alberta,27
2021-02-28,2,Calgary Zone,Alberta,87
2021-02-28,2,Central Zone,Alberta,30
2021-02-28,2,Edmonton Zone,Alberta,71
2021-02-28,2,North Zone,Alberta,66
2021-02-28,2,South Zone,Alberta,33
2021-03-01,2,Calgary Zone,Alberta,102
2021-03-01,2,Central Zone,Alberta,24
2021-03-01,2,Edmonton Zone,Alberta,77
2021-03-01,2,North Zone,Alberta,42
2021-03-01,2,South Zone,Alberta,17
2021-03-02,2,Calgary Zone,Alberta,151
2021-03-02,2,Central Zone,Alberta,30
2021-03-02,2,Edmonton Zone,Alberta,105
2021-03-02,2,North Zone,Alberta,84
2021-03-02,2,South Zone,Alberta,30
2021-03-03,2,Calgary Zone,Alberta,133
2021-03-03,2,Central Zone,Alberta,20
2021-03-03,2,Edmonton Zone,Alberta,96
2021-03-03,2,North Zone,Alberta,60
2021-03-03,2,South Zone,Alberta,24
2021-03-04,2,Calgary Zone,Alberta,140
2021-03-04,2,Central Zone,Alberta,54
2021-03-04,2,Edmonton Zone,Alberta,93
2021-03-04,2,North Zone,Alberta,94
2021-03-04,2,South Zone,Alberta,26
2021-03-05,2,Calgary Zone,Alberta,121
2021-03-05,2,Central Zone,Alberta,30
2021-03-05,2,Edmonton Zone,Alberta,97
2021-03-05,2,North Zone,Alberta,53
2021-03-05,2,South Zone,Alberta,36
2021-03-06,2,Calgary Zone,Alberta,96
2021-03-06,2,Central Zone,Alberta,21
2021-03-06,2,Edmonton Zone,Alberta,69
2021-03-06,2,North Zone,Alberta,77
2021-03-06,2,South Zone,Alberta,43
2021-03-07,2,Calgary Zone,Alberta,100
2021-03-07,2,Central Zone,Alberta,15
2021-03-07,2,Edmonton Zone,Alberta,54
2021-03-07,2,North Zone,Alberta,51
2021-03-07,2,South Zone,Alberta,31
2021-03-08,2,Calgary Zone,Alberta,96
2021-03-08,2,Central Zone,Alberta,23
2021-03-08,2,Edmonton Zone,Alberta,83
2021-03-08,2,North Zone,Alberta,24
2021-03-08,2,South Zone,Alberta,27
2021-03-09,2,Calgary Zone,Alberta,147
2021-03-09,2,Central Zone,Alberta,40
2021-03-09,2,Edmonton Zone,Alberta,83
2021-03-09,2,North Zone,Alberta,71
2021-03-09,2,South Zone,Alberta,45
2021-03-10,2,Calgary Zone,Alberta,136
2021-03-10,2,Central Zone,Alberta,64
2021-03-10,2,Edmonton Zone,Alberta,81
2021-03-10,2,North Zone,Alberta,59
2021-03-10,2,South Zone,Alberta,66
2021-03-11,2,Calgary Zone,Alberta,160
2021-03-11,2,Central Zone,Alberta,45
2021-03-11,2,Edmonton Zone,Alberta,98
2021-03-11,2,North Zone,Alberta,93
2021-03-11,2,South Zone,Alberta,52
2021-03-12,2,Calgary Zone,Alberta,179
2021-03-12,2,Central Zone,Alberta,38
2021-03-12,2,Edmonton Zone,Alberta,92
2021-03-12,2,North Zone,Alberta,55
2021-03-12,2,South Zone,Alberta,64
2021-03-13,2,Calgary Zone,Alberta,142
2021-03-13,2,Central Zone,Alberta,39
2021-03-13,2,Edmonton Zone,Alberta,72
2021-03-13,2,North Zone,Alberta,54
2021-03-13,2,South Zone,Alberta,69
2021-03-14,2,Calgary Zone,Alberta,131
2021-03-14,2,Central Zone,Alberta,26
2021-03-14,2,Edmonton Zone,Alberta,79
2021-03-14,2,North Zone,Alberta,74
2021-03-14,2,South Zone,Alberta,55
2021-03-15,2,Calgary Zone,Alberta,159
2021-03-15,2,Central Zone,Alberta,26
2021-03-15,2,Edmonton Zone,Alberta,86
2021-03-15,2,North Zone,Alberta,26
2021-03-15,2,South Zone,Alberta,53
2021-03-16,2,Calgary Zone,Alberta,210
2021-03-16,2,Central Zone,Alberta,52
2021-03-16,2,Edmonton Zone,Alberta,118
2021-03-16,2,North Zone,Alberta,75
2021-03-16,2,South Zone,Alberta,52
2021-03-17,2,Calgary Zone,Alberta,225
2021-03-17,2,Central Zone,Alberta,48
2021-03-17,2,Edmonton Zone,Alberta,149
2021-03-17,2,North Zone,Alberta,52
2021-03-17,2,South Zone,Alberta,43
2021-03-18,2,Calgary Zone,Alberta,304
2021-03-18,2,Central Zone,Alberta,73
2021-03-18,2,Edmonton Zone,Alberta,165
2021-03-18,2,North Zone,Alberta,74
2021-03-18,2,South Zone,Alberta,56
2021-03-19,2,Calgary Zone,Alberta,237
2021-03-19,2,Central Zone,Alberta,38
2021-03-19,2,Edmonton Zone,Alberta,95
2021-03-19,2,North Zone,Alberta,63
2021-03-19,2,South Zone,Alberta,91
2021-03-20,2,Calgary Zone,Alberta,241
2021-03-20,2,Central Zone,Alberta,50
2021-03-20,2,Edmonton Zone,Alberta,107
2021-03-20,2,North Zone,Alberta,72
2021-03-20,2,South Zone,Alberta,76
2021-03-21,2,Calgary Zone,Alberta,239
2021-03-21,2,Central Zone,Alberta,32
2021-03-21,2,Edmonton Zone,Alberta,93
2021-03-21,2,North Zone,Alberta,47
2021-03-21,2,South Zone,Alberta,44
2021-03-22,2,Calgary Zone,Alberta,266
2021-03-22,2,Central Zone,Alberta,36
2021-03-22,2,Edmonton Zone,Alberta,80
2021-03-22,2,North Zone,Alberta,39
2021-03-22,2,South Zone,Alberta,61
2021-03-23,2,Calgary Zone,Alberta,311
2021-03-23,2,Central Zone,Alberta,47
2021-03-23,2,Edmonton Zone,Alberta,168
2021-03-23,2,North Zone,Alberta,106
2021-03-23,2,South Zone,Alberta,44
2021-03-24,2,Calgary Zone,Alberta,343
2021-03-24,2,Central Zone,Alberta,99
2021-03-24,2,Edmonton Zone,Alberta,135
2021-03-24,2,North Zone,Alberta,102
2021-03-24,2,South Zone,Alberta,74
2021-03-25,2,Calgary Zone,Alberta,348
2021-03-25,2,Central Zone,Alberta,69
2021-03-25,2,Edmonton Zone,Alberta,133
2021-03-25,2,North Zone,Alberta,80
2021-03-25,2,South Zone,Alberta,80
2021-03-26,2,Calgary Zone,Alberta,315
2021-03-26,2,Central Zone,Alberta,55
2021-03-26,2,Edmonton Zone,Alberta,153
2021-03-26,2,North Zone,Alberta,82
2021-03-26,2,South Zone,Alberta,66
2021-03-27,2,Calgary Zone,Alberta,280
2021-03-27,2,Central Zone,Alberta,56
2021-03-27,2,Edmonton Zone,Alberta,172
2021-03-27,2,North Zone,Alberta,67
2021-03-27,2,South Zone,Alberta,61
2021-03-28,2,Calgary Zone,Alberta,291
2021-03-28,2,Central Zone,Alberta,46
2021-03-28,2,Edmonton Zone,Alberta,96
2021-03-28,2,North Zone,Alberta,62
2021-03-28,2,South Zone,Alberta,47
2021-03-29,2,Calgary Zone,Alberta,276
2021-03-29,2,Central Zone,Alberta,60
2021-03-29,2,Edmonton Zone,Alberta,138
2021-03-29,2,North Zone,Alberta,85
2021-03-29,2,South Zone,Alberta,61
2021-03-30,2,Calgary Zone,Alberta,379
2021-03-30,2,Central Zone,Alberta,77
2021-03-30,2,Edmonton Zone,Alberta,216
2021-03-30,2,North Zone,Alberta,131
2021-03-30,2,South Zone,Alberta,89
2021-03-31,2,Calgary Zone,Alberta,404
2021-03-31,2,Central Zone,Alberta,84
2021-03-31,2,Edmonton Zone,Alberta,186
2021-03-31,2,North Zone,Alberta,132
2021-03-31,2,South Zone,Alberta,71
2021-04-01,2,Calgary Zone,Alberta,498
2021-04-01,2,Central Zone,Alberta,76
2021-04-01,2,Edmonton Zone,Alberta,249
2021-04-01,2,North Zone,Alberta,173
2021-04-01,2,South Zone,Alberta,75
2021-04-02,2,Calgary Zone,Alberta,506
2021-04-02,2,Central Zone,Alberta,86
2021-04-02,2,Edmonton Zone,Alberta,238
2021-04-02,2,North Zone,Alberta,164
2021-04-02,2,South Zone,Alberta,65
2021-04-03,2,Calgary Zone,Alberta,477
2021-04-03,2,Central Zone,Alberta,49
2021-04-03,2,Edmonton Zone,Alberta,227
2021-04-03,2,North Zone,Alberta,124
2021-04-03,2,South Zone,Alberta,57
2021-04-04,2,Calgary Zone,Alberta,425
2021-04-04,2,Central Zone,Alberta,92
2021-04-04,2,Edmonton Zone,Alberta,184
2021-04-04,2,North Zone,Alberta,93
2021-04-04,2,South Zone,Alberta,75
2021-04-05,2,Calgary Zone,Alberta,464
2021-04-05,2,Central Zone,Alberta,74
2021-04-05,2,Edmonton Zone,Alberta,236
2021-04-05,2,North Zone,Alberta,109
2021-04-05,2,South Zone,Alberta,48
2021-04-06,2,Calgary Zone,Alberta,617
2021-04-06,2,Central Zone,Alberta,127
2021-04-06,2,Edmonton Zone,Alberta,345
2021-04-06,2,North Zone,Alberta,221
2021-04-06,2,South Zone,Alberta,47
2021-04-07,2,Calgary Zone,Alberta,635
2021-04-07,2,Central Zone,Alberta,90
2021-04-07,2,Edmonton Zone,Alberta,386
2021-04-07,2,North Zone,Alberta,176
2021-04-07,2,South Zone,Alberta,124
2021-04-08,2,Calgary Zone,Alberta,689
2021-04-08,2,Central Zone,Alberta,163
2021-04-08,2,Edmonton Zone,Alberta,399
2021-04-08,2,North Zone,Alberta,193
2021-04-08,2,South Zone,Alberta,89
2021-04-09,2,Calgary Zone,Alberta,576
2021-04-09,2,Central Zone,Alberta,133
2021-04-09,2,Edmonton Zone,Alberta,307
2021-04-09,2,North Zone,Alberta,194
2021-04-09,2,South Zone,Alberta,76
2021-04-10,2,Calgary Zone,Alberta,521
2021-04-10,2,Central Zone,Alberta,137
2021-04-10,2,Edmonton Zone,Alberta,323
2021-04-10,2,North Zone,Alberta,140
2021-04-10,2,South Zone,Alberta,49
2021-04-11,2,Calgary Zone,Alberta,492
2021-04-11,2,Central Zone,Alberta,110
2021-04-11,2,Edmonton Zone,Alberta,262
2021-04-11,2,North Zone,Alberta,166
2021-04-11,2,South Zone,Alberta,63
2021-04-12,2,Calgary Zone,Alberta,488
2021-04-12,2,Central Zone,Alberta,113
2021-04-12,2,Edmonton Zone,Alberta,250
2021-04-12,2,North Zone,Alberta,142
2021-04-12,2,South Zone,Alberta,57
2021-04-13,2,Calgary Zone,Alberta,626
2021-04-13,2,Central Zone,Alberta,122
2021-04-13,2,Edmonton Zone,Alberta,416
2021-04-13,2,North Zone,Alberta,208
2021-04-13,2,South Zone,Alberta,54
2021-04-14,2,Calgary Zone,Alberta,649
2021-04-14,2,Central Zone,Alberta,188
2021-04-14,2,Edmonton Zone,Alberta,450
2021-04-14,2,North Zone,Alberta,260
2021-04-14,2,South Zone,Alberta,98
2021-04-15,2,Calgary Zone,Alberta,619
2021-04-15,2,Central Zone,Alberta,229
2021-04-15,2,Edmonton Zone,Alberta,440
2021-04-15,2,North Zone,Alberta,266
2021-04-15,2,South Zone,Alberta,51
2021-04-16,2,Calgary Zone,Alberta,676
2021-04-16,2,Central Zone,Alberta,161
2021-04-16,2,Edmonton Zone,Alberta,404
2021-04-16,2,North Zone,Alberta,195
2021-04-16,2,South Zone,Alberta,66
2021-04-17,2,Calgary Zone,Alberta,688
2021-04-17,2,Central Zone,Alberta,186
2021-04-17,2,Edmonton Zone,Alberta,389
2021-04-17,2,North Zone,Alberta,154
2021-04-17,2,South Zone,Alberta,54
2021-04-18,2,Calgary Zone,Alberta,562
2021-04-18,2,Central Zone,Alberta,139
2021-04-18,2,Edmonton Zone,Alberta,308
2021-04-18,2,North Zone,Alberta,269
2021-04-18,2,South Zone,Alberta,80
2021-04-19,2,Calgary Zone,Alberta,642
2021-04-19,2,Central Zone,Alberta,116
2021-04-19,2,Edmonton Zone,Alberta,367
2021-04-19,2,North Zone,Alberta,133
2021-04-19,2,South Zone,Alberta,88
2021-04-20,2,Calgary Zone,Alberta,777
2021-04-20,2,Central Zone,Alberta,152
2021-04-20,2,Edmonton Zone,Alberta,515
2021-04-20,2,North Zone,Alberta,208
2021-04-20,2,South Zone,Alberta,76
2021-04-21,2,Calgary Zone,Alberta,766
2021-04-21,2,Central Zone,Alberta,202
2021-04-21,2,Edmonton Zone,Alberta,476
2021-04-21,2,North Zone,Alberta,295
2021-04-21,2,South Zone,Alberta,101
2021-04-22,2,Calgary Zone,Alberta,683
2021-04-22,2,Central Zone,Alberta,169
2021-04-22,2,Edmonton Zone,Alberta,536
2021-04-22,2,North Zone,Alberta,201
2021-04-22,2,South Zone,Alberta,76
2021-04-23,2,Calgary Zone,Alberta,480
2021-04-23,2,Central Zone,Alberta,207
2021-04-23,2,Edmonton Zone,Alberta,528
2021-04-23,2,North Zone,Alberta,233
2021-04-23,2,South Zone,Alberta,66
2021-04-24,2,Calgary Zone,Alberta,559
2021-04-24,2,Central Zone,Alberta,162
2021-04-24,2,Edmonton Zone,Alberta,418
2021-04-24,2,North Zone,Alberta,235
2021-04-24,2,South Zone,Alberta,69
2021-04-25,2,Calgary Zone,Alberta,539
2021-04-25,2,Central Zone,Alberta,280
2021-04-25,2,Edmonton Zone,Alberta,429
2021-04-25,2,North Zone,Alberta,164
2021-04-25,2,South Zone,Alberta,81
2021-04-26,2,Calgary Zone,Alberta,754
2021-04-26,2,Central Zone,Alberta,166
2021-04-26,2,Edmonton Zone,Alberta,246
2021-04-26,2,North Zone,Alberta,306
2021-04-26,2,South Zone,Alberta,81
2021-04-27,2,Calgary Zone,Alberta,870
2021-04-27,2,Central Zone,Alberta,156
2021-04-27,2,Edmonton Zone,Alberta,492
2021-04-27,2,North Zone,Alberta,219
2021-04-27,2,South Zone,Alberta,99
2021-04-28,2,Calgary Zone,Alberta,777
2021-04-28,2,Central Zone,Alberta,276
2021-04-28,2,Edmonton Zone,Alberta,569
2021-04-28,2,North Zone,Alberta,320
2021-04-28,2,South Zone,Alberta,114
2021-04-29,2,Calgary Zone,Alberta,851
2021-04-29,2,Central Zone,Alberta,220
2021-04-29,2,Edmonton Zone,Alberta,498
2021-04-29,2,North Zone,Alberta,332
2021-04-29,2,South Zone,Alberta,97
2021-04-30,2,Calgary Zone,Alberta,1016
2021-04-30,2,Central Zone,Alberta,307
2021-04-30,2,Edmonton Zone,Alberta,546
2021-04-30,2,North Zone,Alberta,402
2021-04-30,2,South Zone,Alberta,135
2021-05-01,2,Calgary Zone,Alberta,755
2021-05-01,2,Central Zone,Alberta,280
2021-05-01,2,Edmonton Zone,Alberta,352
2021-05-01,2,North Zone,Alberta,214
2021-05-01,2,South Zone,Alberta,96
2021-05-02,2,Calgary Zone,Alberta,975
2021-05-02,2,Central Zone,Alberta,260
2021-05-02,2,Edmonton Zone,Alberta,302
2021-05-02,2,North Zone,Alberta,310
2021-05-02,2,South Zone,Alberta,120
2021-05-03,2,Calgary Zone,Alberta,692
2021-05-03,2,Central Zone,Alberta,204
2021-05-03,2,Edmonton Zone,Alberta,493
2021-05-03,2,North Zone,Alberta,306
2021-05-03,2,South Zone,Alberta,93
2021-05-04,2,Calgary Zone,Alberta,1149
2021-05-04,2,Central Zone,Alberta,217
2021-05-04,2,Edmonton Zone,Alberta,544
2021-05-04,2,North Zone,Alberta,260
2021-05-04,2,South Zone,Alberta,110
2021-05-05,2,Calgary Zone,Alberta,1091
2021-05-05,2,Central Zone,Alberta,188
2021-05-05,2,Edmonton Zone,Alberta,453
2021-05-05,2,North Zone,Alberta,329
2021-05-05,2,South Zone,Alberta,113
2021-05-06,2,Calgary Zone,Alberta,840
2021-05-06,2,Central Zone,Alberta,199
2021-05-06,2,Edmonton Zone,Alberta,458
2021-05-06,2,North Zone,Alberta,361
2021-05-06,2,South Zone,Alberta,89
2021-05-07,2,Calgary Zone,Alberta,956
2021-05-07,2,Central Zone,Alberta,246
2021-05-07,2,Edmonton Zone,Alberta,457
2021-05-07,2,North Zone,Alberta,292
2021-05-07,2,South Zone,Alberta,101
2021-05-08,2,Calgary Zone,Alberta,851
2021-05-08,2,Central Zone,Alberta,147
2021-05-08,2,Edmonton Zone,Alberta,340
2021-05-08,2,North Zone,Alberta,179
2021-05-08,2,South Zone,Alberta,66
2021-05-09,2,Calgary Zone,Alberta,784
2021-05-09,2,Central Zone,Alberta,140
2021-05-09,2,Edmonton Zone,Alberta,363
2021-05-09,2,North Zone,Alberta,202
2021-05-09,2,South Zone,Alberta,70
2021-05-10,2,Calgary Zone,Alberta,728
2021-05-10,2,Central Zone,Alberta,163
2021-05-10,2,Edmonton Zone,Alberta,301
2021-05-10,2,North Zone,Alberta,226
2021-05-10,2,South Zone,Alberta,93
2021-05-11,2,Calgary Zone,Alberta,854
2021-05-11,2,Central Zone,Alberta,209
2021-05-11,2,Edmonton Zone,Alberta,381
2021-05-11,2,North Zone,Alberta,284
2021-05-11,2,South Zone,Alberta,83
2021-05-12,2,Calgary Zone,Alberta,758
2021-05-12,2,Central Zone,Alberta,150
2021-05-12,2,Edmonton Zone,Alberta,376
2021-05-12,2,North Zone,Alberta,249
2021-05-12,2,South Zone,Alberta,60
2021-05-13,2,Calgary Zone,Alberta,701
2021-05-13,2,Central Zone,Alberta,121
2021-05-13,2,Edmonton Zone,Alberta,324
2021-05-13,2,North Zone,Alberta,261
2021-05-13,2,South Zone,Alberta,75
2021-05-14,2,Calgary Zone,Alberta,489
2021-05-14,2,Central Zone,Alberta,155
2021-05-14,2,Edmonton Zone,Alberta,337
2021-05-14,2,North Zone,Alberta,201
2021-05-14,2,South Zone,Alberta,55
2021-05-15,2,Calgary Zone,Alberta,503
2021-05-15,2,Central Zone,Alberta,124
2021-05-15,2,Edmonton Zone,Alberta,274
2021-05-15,2,North Zone,Alberta,174
2021-05-15,2,South Zone,Alberta,53
2021-05-16,2,Calgary Zone,Alberta,286
2021-05-16,2,Central Zone,Alberta,88
2021-05-16,2,Edmonton Zone,Alberta,195
2021-05-16,2,North Zone,Alberta,108
2021-05-16,2,South Zone,Alberta,41
2021-05-17,2,Calgary Zone,Alberta,372
2021-05-17,2,Central Zone,Alberta,100
2021-05-17,2,Edmonton Zone,Alberta,260
2021-05-17,2,North Zone,Alberta,139
2021-05-17,2,South Zone,Alberta,49
2021-05-18,2,Calgary Zone,Alberta,361
2021-05-18,2,Central Zone,Alberta,106
2021-05-18,2,Edmonton Zone,Alberta,286
2021-05-18,2,North Zone,Alberta,146
2021-05-18,2,South Zone,Alberta,57
2021-05-19,2,Calgary Zone,Alberta,355
2021-05-19,2,Central Zone,Alberta,73
2021-05-19,2,Edmonton Zone,Alberta,202
2021-05-19,2,North Zone,Alberta,154
2021-05-19,2,South Zone,Alberta,45
2021-05-20,2,Calgary Zone,Alberta,320
2021-05-20,2,Central Zone,Alberta,103
2021-05-20,2,Edmonton Zone,Alberta,177
2021-05-20,2,North Zone,Alberta,113
2021-05-20,2,South Zone,Alberta,45
2021-05-21,2,Calgary Zone,Alberta,266
2021-05-21,2,Central Zone,Alberta,62
2021-05-21,2,Edmonton Zone,Alberta,155
2021-05-21,2,North Zone,Alberta,97
2021-05-21,2,South Zone,Alberta,57
2021-05-22,2,Calgary Zone,Alberta,219
2021-05-22,2,Central Zone,Alberta,74
2021-05-22,2,Edmonton Zone,Alberta,135
2021-05-22,2,North Zone,Alberta,88
2021-05-22,2,South Zone,Alberta,37
2021-05-23,2,Calgary Zone,Alberta,178
2021-05-23,2,Central Zone,Alberta,60
2021-05-23,2,Edmonton Zone,Alberta,96
2021-05-23,2,North Zone,Alberta,71
2021-05-23,2,South Zone,Alberta,44
2021-05-24,2,Calgary Zone,Alberta,185
2021-05-24,2,Central Zone,Alberta,39
2021-05-24,2,Edmonton Zone,Alberta,91
2021-05-24,2,North Zone,Alberta,48
2021-05-24,2,South Zone,Alberta,25
2021-05-25,2,Calgary Zone,Alberta,172
2021-05-25,2,Central Zone,Alberta,45
2021-05-25,2,Edmonton Zone,Alberta,114
2021-05-25,2,North Zone,Alberta,48
2021-05-25,2,South Zone,Alberta,28
2021-05-26,2,Calgary Zone,Alberta,204
2021-05-26,2,Central Zone,Alberta,78
2021-05-26,2,Edmonton Zone,Alberta,148
2021-05-26,2,North Zone,Alberta,78
2021-05-26,2,South Zone,Alberta,31
2021-05-27,2,Calgary Zone,Alberta,219
2021-05-27,2,Central Zone,Alberta,85
2021-05-27,2,Edmonton Zone,Alberta,135
2021-05-27,2,North Zone,Alberta,67
2021-05-27,2,South Zone,Alberta,29
2021-05-28,2,Calgary Zone,Alberta,166
2021-05-28,2,Central Zone,Alberta,66
2021-05-28,2,Edmonton Zone,Alberta,103
2021-05-28,2,North Zone,Alberta,54
2021-05-28,2,South Zone,Alberta,21
2021-05-29,2,Calgary Zone,Alberta,162
2021-05-29,2,Central Zone,Alberta,61
2021-05-29,2,Edmonton Zone,Alberta,102
2021-05-29,2,North Zone,Alberta,52
2021-05-29,2,South Zone,Alberta,15
2021-05-30,2,Calgary Zone,Alberta,95
2021-05-30,2,Central Zone,Alberta,33
2021-05-30,2,Edmonton Zone,Alberta,79
2021-05-30,2,North Zone,Alberta,35
2021-05-30,2,South Zone,Alberta,17
2021-05-31,2,Calgary Zone,Alberta,61
2021-05-31,2,Central Zone,Alberta,20
2021-05-31,2,Edmonton Zone,Alberta,73
2021-05-31,2,North Zone,Alberta,45
2021-05-31,2,South Zone,Alberta,16
2021-06-01,2,Calgary Zone,Alberta,200
2021-06-01,2,Central Zone,Alberta,50
2021-06-01,2,Edmonton Zone,Alberta,108
2021-06-01,2,North Zone,Alberta,58
2021-06-01,2,South Zone,Alberta,17
2021-06-02,2,Calgary Zone,Alberta,121
2021-06-02,2,Central Zone,Alberta,39
2021-06-02,2,Edmonton Zone,Alberta,84
2021-06-02,2,North Zone,Alberta,52
2021-06-02,2,South Zone,Alberta,13
2021-06-03,2,Calgary Zone,Alberta,89
2021-06-03,2,Central Zone,Alberta,40
2021-06-03,2,Edmonton Zone,Alberta,66
2021-06-03,2,North Zone,Alberta,39
2021-06-03,2,South Zone,Alberta,9
2021-06-04,2,Calgary Zone,Alberta,129
2021-06-04,2,Central Zone,Alberta,41
2021-06-04,2,Edmonton Zone,Alberta,64
2021-06-04,2,North Zone,Alberta,56
2021-06-04,2,South Zone,Alberta,8
2021-06-05,2,Calgary Zone,Alberta,97
2021-06-05,2,Central Zone,Alberta,30
2021-06-05,2,Edmonton Zone,Alberta,67
2021-06-05,2,North Zone,Alberta,32
2021-06-05,2,South Zone,Alberta,6
2021-06-06,2,Calgary Zone,Alberta,51
2021-06-06,2,Central Zone,Alberta,12
2021-06-06,2,Edmonton Zone,Alberta,48
2021-06-06,2,North Zone,Alberta,39
2021-06-06,2,South Zone,Alberta,8
2021-06-07,2,Calgary Zone,Alberta,67
2021-06-07,2,Central Zone,Alberta,22
2021-06-07,2,Edmonton Zone,Alberta,28
2021-06-07,2,North Zone,Alberta,23
2021-06-07,2,South Zone,Alberta,3
2021-06-08,2,Calgary Zone,Alberta,141
2021-06-08,2,Central Zone,Alberta,44
2021-06-08,2,Edmonton Zone,Alberta,77
2021-06-08,2,North Zone,Alberta,52
2021-06-08,2,South Zone,Alberta,6
2021-06-09,2,Calgary Zone,Alberta,58
2021-06-09,2,Central Zone,Alberta,21
2021-06-09,2,Edmonton Zone,Alberta,44
2021-06-09,2,North Zone,Alberta,42
2021-06-09,2,South Zone,Alberta,7
2021-06-10,2,Calgary Zone,Alberta,60
2021-06-10,2,Central Zone,Alberta,23
2021-06-10,2,Edmonton Zone,Alberta,34
2021-06-10,2,North Zone,Alberta,53
2021-06-10,2,South Zone,Alberta,6
2021-06-11,2,Calgary Zone,Alberta,102
2021-06-11,2,Central Zone,Alberta,12
2021-06-11,2,Edmonton Zone,Alberta,22
2021-06-11,2,North Zone,Alberta,41
2021-06-11,2,South Zone,Alberta,4
2021-06-12,2,Calgary Zone,Alberta,74
2021-06-12,2,Central Zone,Alberta,14
2021-06-12,2,Edmonton Zone,Alberta,35
2021-06-12,2,North Zone,Alberta,29
2021-06-12,2,South Zone,Alberta,10
2021-06-13,2,Calgary Zone,Alberta,38
2021-06-13,2,Central Zone,Alberta,8
2021-06-13,2,Edmonton Zone,Alberta,20
2021-06-13,2,North Zone,Alberta,40
2021-06-13,2,South Zone,Alberta,8
2021-06-14,2,Calgary Zone,Alberta,62
2021-06-14,2,Central Zone,Alberta,18
2021-06-14,2,Edmonton Zone,Alberta,22
2021-06-14,2,North Zone,Alberta,17
2021-06-14,2,South Zone,Alberta,6
2021-06-15,2,Calgary Zone,Alberta,81
2021-06-15,2,Central Zone,Alberta,17
2021-06-15,2,Edmonton Zone,Alberta,30
2021-06-15,2,North Zone,Alberta,14
2021-06-15,2,South Zone,Alberta,5
2021-06-16,2,Calgary Zone,Alberta,74
2021-06-16,2,Central Zone,Alberta,29
2021-06-16,2,Edmonton Zone,Alberta,20
2021-06-16,2,North Zone,Alberta,23
2021-06-16,2,South Zone,Alberta,5
2021-06-17,2,Calgary Zone,Alberta,76
2021-06-17,2,Central Zone,Alberta,3
2021-06-17,2,Edmonton Zone,Alberta,10
2021-06-17,2,North Zone,Alberta,27
2021-06-17,2,South Zone,Alberta,3
2021-06-18,2,Calgary Zone,Alberta,67
2021-06-18,2,Central Zone,Alberta,10
2021-06-18,2,Edmonton Zone,Alberta,16
2021-06-18,2,North Zone,Alberta,24
2021-06-18,2,South Zone,Alberta,1
2021-06-19,2,Calgary Zone,Alberta,57
2021-06-19,2,Central Zone,Alberta,4
2021-06-19,2,Edmonton Zone,Alberta,10
2021-06-19,2,North Zone,Alberta,13
2021-06-19,2,South Zone,Alberta,2
2021-06-20,2,Calgary Zone,Alberta,20
2021-06-20,2,Central Zone,Alberta,7
2021-06-20,2,Edmonton Zone,Alberta,10
2021-06-20,2,North Zone,Alberta,11
2021-06-20,2,South Zone,Alberta,2
2021-06-21,2,Calgary Zone,Alberta,21
2021-06-21,2,Central Zone,Alberta,11
2021-06-21,2,Edmonton Zone,Alberta,9
2021-06-21,2,North Zone,Alberta,22
2021-06-21,2,South Zone,Alberta,4
2021-06-22,2,Calgary Zone,Alberta,50
2021-06-22,2,Central Zone,Alberta,19
2021-06-22,2,Edmonton Zone,Alberta,10
2021-06-22,2,North Zone,Alberta,14
2021-06-22,2,South Zone,Alberta,7
2021-06-23,2,Calgary Zone,Alberta,44
2021-06-23,2,Central Zone,Alberta,10
2021-06-23,2,Edmonton Zone,Alberta,10
2021-06-23,2,North Zone,Alberta,10
2021-06-23,2,South Zone,Alberta,2
2021-06-24,2,Calgary Zone,Alberta,49
2021-06-24,2,Central Zone,Alberta,7
2021-06-24,2,Edmonton Zone,Alberta,27
2021-06-24,2,North Zone,Alberta,10
2021-06-24,2,South Zone,Alberta,1
2021-06-25,2,Calgary Zone,Alberta,39
2021-06-25,2,Central Zone,Alberta,9
2021-06-25,2,Edmonton Zone,Alberta,13
2021-06-25,2,North Zone,Alberta,14
2021-06-25,2,South Zone,Alberta,1
2021-06-26,2,Calgary Zone,Alberta,26
2021-06-26,2,Central Zone,Alberta,6
2021-06-26,2,Edmonton Zone,Alberta,3
2021-06-26,2,North Zone,Alberta,10
2021-06-27,2,Calgary Zone,Alberta,24
2021-06-27,2,Central Zone,Alberta,6
2021-06-27,2,Edmonton Zone,Alberta,6
2021-06-27,2,North Zone,Alberta,2
2021-06-28,2,Calgary Zone,Alberta,21
2021-06-28,2,Central Zone,Alberta,12
2021-06-28,2,Edmonton Zone,Alberta,9
2021-06-28,2,North Zone,Alberta,14
2021-06-28,2,South Zone,Alberta,3
2021-06-29,2,Calgary Zone,Alberta,39
2021-06-29,2,Central Zone,Alberta,11
2021-06-29,2,Edmonton Zone,Alberta,15
2021-06-29,2,North Zone,Alberta,10
2021-06-29,2,South Zone,Alberta,1
2021-06-30,2,Calgary Zone,Alberta,37
2021-06-30,2,Central Zone,Alberta,4
2021-06-30,2,Edmonton Zone,Alberta,10
2021-06-30,2,North Zone,Alberta,8
2021-06-30,2,South Zone,Alberta,1
2021-07-01,2,Calgary Zone,Alberta,19
2021-07-01,2,Central Zone,Alberta,8
2021-07-01,2,Edmonton Zone,Alberta,3
2021-07-01,2,North Zone,Alberta,7
2021-07-02,2,Calgary Zone,Alberta,18
2021-07-02,2,Central Zone,Alberta,1
2021-07-02,2,Edmonton Zone,Alberta,3
2021-07-02,2,North Zone,Alberta,10
2021-07-02,2,South Zone,Alberta,3
2021-07-03,2,Calgary Zone,Alberta,17
2021-07-03,2,Central Zone,Alberta,5
2021-07-03,2,Edmonton Zone,Alberta,9
2021-07-03,2,North Zone,Alberta,18
2021-07-03,2,South Zone,Alberta,3
2021-07-04,2,Calgary Zone,Alberta,14
2021-07-04,2,Central Zone,Alberta,2
2021-07-04,2,Edmonton Zone,Alberta,6
2021-07-04,2,North Zone,Alberta,16
2021-07-04,2,South Zone,Alberta,1
2021-07-05,2,Calgary Zone,Alberta,17
2021-07-05,2,Central Zone,Alberta,4
2021-07-05,2,Edmonton Zone,Alberta,12
2021-07-05,2,North Zone,Alberta,2
2021-07-05,2,South Zone,Alberta,2
2021-07-06,2,Calgary Zone,Alberta,26
2021-07-06,2,Central Zone,Alberta,3
2021-07-06,2,Edmonton Zone,Alberta,14
2021-07-06,2,North Zone,Alberta,17
2021-07-06,2,South Zone,Alberta,4
2021-07-07,2,Calgary Zone,Alberta,28
2021-07-07,2,Central Zone,Alberta,5
2021-07-07,2,Edmonton Zone,Alberta,5
2021-07-07,2,North Zone,Alberta,10
2021-07-07,2,South Zone,Alberta,1
2021-07-08,2,Calgary Zone,Alberta,34
2021-07-08,2,Central Zone,Alberta,6
2021-07-08,2,Edmonton Zone,Alberta,11
2021-07-08,2,North Zone,Alberta,5
2021-07-08,2,South Zone,Alberta,1
2021-07-09,2,Calgary Zone,Alberta,13
2021-07-09,2,Central Zone,Alberta,4
2021-07-09,2,Edmonton Zone,Alberta,10
2021-07-09,2,North Zone,Alberta,7
2021-07-09,2,South Zone,Alberta,1
2021-07-10,2,Calgary Zone,Alberta,19
2021-07-10,2,Edmonton Zone,Alberta,3
2021-07-10,2,North Zone,Alberta,3
2021-07-10,2,South Zone,Alberta,5
2021-07-11,2,Calgary Zone,Alberta,16
2021-07-11,2,Central Zone,Alberta,3
2021-07-11,2,Edmonton Zone,Alberta,9
2021-07-11,2,North Zone,Alberta,1
2021-07-11,2,South Zone,Alberta,2
2021-07-12,2,Calgary Zone,Alberta,13
2021-07-12,2,Edmonton Zone,Alberta,9
2021-07-12,2,North Zone,Alberta,8
2021-07-12,2,South Zone,Alberta,3
2021-07-13,2,Calgary Zone,Alberta,21
2021-07-13,2,Central Zone,Alberta,3
2021-07-13,2,Edmonton Zone,Alberta,7
2021-07-13,2,North Zone,Alberta,4
2021-07-14,2,Calgary Zone,Alberta,29
2021-07-14,2,Central Zone,Alberta,5
2021-07-14,2,Edmonton Zone,Alberta,10
2021-07-14,2,North Zone,Alberta,4
2021-07-14,2,South Zone,Alberta,3
2021-07-15,2,Calgary Zone,Alberta,31
2021-07-15,2,Central Zone,Alberta,5
2021-07-15,2,Edmonton Zone,Alberta,10
2021-07-15,2,North Zone,Alberta,3
2021-07-15,2,South Zone,Alberta,3
2021-07-16,2,Calgary Zone,Alberta,28
2021-07-16,2,Central Zone,Alberta,4
2021-07-16,2,Edmonton Zone,Alberta,8
2021-07-16,2,North Zone,Alberta,7
2021-07-16,2,South Zone,Alberta,2
2021-07-17,2,Calgary Zone,Alberta,23
2021-07-17,2,Central Zone,Alberta,3
2021-07-17,2,Edmonton Zone,Alberta,11
2021-07-17,2,North Zone,Alberta,1
2021-07-17,2,South Zone,Alberta,2
2021-07-18,2,Calgary Zone,Alberta,26
2021-07-18,2,Central Zone,Alberta,2
2021-07-18,2,Edmonton Zone,Alberta,8
2021-07-18,2,North Zone,Alberta,4
2021-07-18,2,South Zone,Alberta,1
2021-07-19,2,Calgary Zone,Alberta,40
2021-07-19,2,Central Zone,Alberta,4
2021-07-19,2,Edmonton Zone,Alberta,7
2021-07-19,2,North Zone,Alberta,8
2021-07-19,2,South Zone,Alberta,1
2021-07-20,2,Calgary Zone,Alberta,55
2021-07-20,2,Central Zone,Alberta,2
2021-07-20,2,Edmonton Zone,Alberta,19
2021-07-20,2,North Zone,Alberta,3
2021-07-20,2,South Zone,Alberta,9
2021-07-21,2,Calgary Zone,Alberta,57
2021-07-21,2,Central Zone,Alberta,2
2021-07-21,2,Edmonton Zone,Alberta,22
2021-07-21,2,North Zone,Alberta,9
2021-07-21,2,South Zone,Alberta,8
2021-07-22,2,Calgary Zone,Alberta,103
2021-07-22,2,Central Zone,Alberta,6
2021-07-22,2,Edmonton Zone,Alberta,32
2021-07-22,2,North Zone,Alberta,11
2021-07-22,2,South Zone,Alberta,15
2021-07-23,2,Calgary Zone,Alberta,91
2021-07-23,2,Central Zone,Alberta,7
2021-07-23,2,Edmonton Zone,Alberta,25
2021-07-23,2,North Zone,Alberta,7
2021-07-23,2,South Zone,Alberta,16
2021-07-24,2,Calgary Zone,Alberta,85
2021-07-24,2,Central Zone,Alberta,6
2021-07-24,2,Edmonton Zone,Alberta,23
2021-07-24,2,North Zone,Alberta,13
2021-07-24,2,South Zone,Alberta,10
2021-07-25,2,Calgary Zone,Alberta,50
2021-07-25,2,Central Zone,Alberta,6
2021-07-25,2,Edmonton Zone,Alberta,22
2021-07-25,2,North Zone,Alberta,4
2021-07-25,2,South Zone,Alberta,11
2021-07-26,2,Calgary Zone,Alberta,91
2021-07-26,2,Central Zone,Alberta,12
2021-07-26,2,Edmonton Zone,Alberta,16
2021-07-26,2,North Zone,Alberta,7
2021-07-26,2,South Zone,Alberta,11
2021-07-27,2,Calgary Zone,Alberta,103
2021-07-27,2,Central Zone,Alberta,14
2021-07-27,2,Edmonton Zone,Alberta,48
2021-07-27,2,North Zone,Alberta,11
2021-07-27,2,South Zone,Alberta,32
2021-07-28,2,Calgary Zone,Alberta,135
2021-07-28,2,Central Zone,Alberta,11
2021-07-28,2,Edmonton Zone,Alberta,34
2021-07-28,2,North Zone,Alberta,23
2021-07-28,2,South Zone,Alberta,21
2021-07-29,2,Calgary Zone,Alberta,119
2021-07-29,2,Central Zone,Alberta,13
2021-07-29,2,Edmonton Zone,Alberta,34
2021-07-29,2,North Zone,Alberta,15
2021-07-29,2,South Zone,Alberta,17
2021-07-30,2,Calgary Zone,Alberta,118
2021-07-30,2,Central Zone,Alberta,19
2021-07-30,2,Edmonton Zone,Alberta,53
2021-07-30,2,North Zone,Alberta,28
2021-07-30,2,South Zone,Alberta,19
2021-07-31,2,Calgary Zone,Alberta,102
2021-07-31,2,Central Zone,Alberta,15
2021-07-31,2,Edmonton Zone,Alberta,49
2021-07-31,2,North Zone,Alberta,38
2021-07-31,2,South Zone,Alberta,22
2021-08-01,2,Calgary Zone,Alberta,79
2021-08-01,2,Central Zone,Alberta,13
2021-08-01,2,Edmonton Zone,Alberta,23
2021-08-01,2,North Zone,Alberta,16
2021-08-01,2,South Zone,Alberta,13
2021-08-02,2,Calgary Zone,Alberta,76
2021-08-02,2,Central Zone,Alberta,13
2021-08-02,2,Edmonton Zone,Alberta,20
2021-08-02,2,North Zone,Alberta,10
2021-08-02,2,South Zone,Alberta,6
2021-08-03,2,Calgary Zone,Alberta,118
2021-08-03,2,Central Zone,Alberta,10
2021-08-03,2,Edmonton Zone,Alberta,29
2021-08-03,2,North Zone,Alberta,21
2021-08-03,2,South Zone,Alberta,31
2021-08-04,2,Calgary Zone,Alberta,150
2021-08-04,2,Central Zone,Alberta,24
2021-08-04,2,Edmonton Zone,Alberta,81
2021-08-04,2,North Zone,Alberta,77
2021-08-04,2,South Zone,Alberta,68
